id,illiteracy,orthodox,t1938,j1938,u1938,z1938,tt_1935,t_1935_,jevtc1935,jvtc1935p,mack1935,mck1935p,ljotc1935,ljtc1935p,maksmvc193,mksmvc1935,age_0_10,age_11_19,age_20_39,age_40_59,age_60_and_over,total,orthd,cthlc,evngl,muslm,othr_r,sr___,othr_s,hngrn,germn,albnn,othr_l,br_kc,br_dm,musko,zensk,ttl_1,emplyd_grc,emplyd_g_1,emplyd_nds,emplyd_n_1,emplyd_cmm,emplyd_c_1,emplyd_pbl,emplyd_p_1,emplyd_thr,emplyd_t_1,emplyd_m,emplyd_w,emplyd_t,sex_ratio,sex_ratio_
0,,,,,,,,,,,,,,,,,,,,,,,,,,,,,,,,,,,,,,,,,,,,,,,,,,,,,
1,5.5,0.059610742,7019,4540,2165,14,4918,42.98,2639,53.66,1339,27.23,940,19.11,0,0,8748,5028,9819,6109,3847,33551,20,33490,20,4,17,33304,70,4,165,0,8,5978,6676,16288,17263,33551,7696,5347,2088,387,597,102,316,141,192,296,10889,6273,17390,94.35208249,More females
2,4.7,0.13856969,12914,10312,2450,122,7839,43.15,5507,70.25,2319,29.58,13,0.17,0,0,14397,8858,18102,11110,6709,59176,82,58946,110,9,29,58407,152,26,561,1,29,10312,12311,28413,30763,59176,10578,8916,6111,2074,938,397,478,194,924,796,19209,12377,31586,92.36095309,More females
3,5.1,1.206618482,5029,2946,2082,1,2954,71.44,1487,50.34,1465,49.59,2,0.07,0,0,4897,2509,4701,2718,1916,16741,202,16501,1,6,31,16027,25,16,566,0,107,3225,3357,7764,8977,16741,3679,3396,771,157,155,58,128,77,124,198,4857,3886,8743,86.48769077,More females
4,9.2,0.207240294,6542,5144,1398,0,5751,52.96,4527,78.72,1221,21.23,3,0.05,0,0,9865,5798,10995,7353,4109,38120,79,37134,694,3,210,32286,51,5646,86,0,51,7029,7677,18313,19807,38120,10484,7538,1218,260,228,93,287,156,90,164,12307,8211,20518,92.4572121,More females
5,13,0.213239384,5301,3058,2235,11,3235,37.03,2997,92.64,236,7.3,2,0.06,0,0,8630,4763,9762,5991,3212,32358,69,32194,85,1,9,31249,56,2,1037,0,14,4381,6316,16227,16131,32358,5529,4592,3929,665,570,142,378,150,576,500,10982,6049,17031,100.5951274,More males
6,9.2,0.045495905,3265,2013,307,15,2004,43.81,1694,84.53,310,15.47,0,0,0,0,4629,2424,5395,2929,2207,17584,8,17574,2,0,0,17543,11,0,29,0,1,2985,3339,8500,9084,17584,3604,3289,1633,290,254,104,137,85,168,274,5796,3946,9838,93.57111405,More females
7,5.3,0.138994188,7975,7016,834,125,5344,49.97,5126,95.92,209,3.91,9,0.17,0,0,10718,5915,11947,6802,4188,39570,55,39483,17,8,7,39280,63,1,220,1,5,6996,7697,18759,20811,39570,6817,6070,4220,1509,451,245,350,312,430,626,12268,8762,21030,90.1398299,More females
8,5,0.123834115,7547,6089,1429,242,5247,45.39,4831,92.07,414,7.89,1,0.02,1,0.02,9976,5822,10677,6394,5085,37954,47,37881,12,2,12,29015,78,4,8819,0,38,7502,8112,18389,19565,37954,7764,5663,2859,833,502,204,321,240,532,808,11978,7748,19726,93.98926655,More females
9,6.9,0.098897994,3750,3402,321,27,2825,51.03,2649,93.77,165,5.84,11,0.39,0,0,5708,3193,5903,4018,2412,21234,21,21198,10,2,3,20881,36,4,308,0,5,3840,4234,10294,10940,21234,4869,3688,1390,302,247,106,149,118,246,363,6901,4577,11478,94.09506399,More females
10,5.7,0.616335422,7746,6184,1479,83,3712,23.23,3669,98.84,27,0.73,16,0.43,0,0,14932,8752,19754,10080,5703,59221,365,58602,71,66,117,58504,279,15,371,21,31,9526,11843,27952,31269,59221,8457,7312,7887,4061,885,622,1010,524,646,1052,18885,13571,32456,89.39204963,More females
11,6.9,0.04705712,8572,6796,1756,20,6869,47.45,5201,75.72,1570,22.85,96,1.4,2,0.03,15547,8132,16340,9089,6144,55252,26,55184,9,0,33,55020,60,3,133,0,36,10416,10911,26181,29071,55252,12645,9662,2742,680,441,221,418,316,653,902,16889,11781,28680,90.05882151,More females
12,5.7,0.168673297,7275,3941,3293,41,4100,36.91,3024,73.76,981,23.93,94,2.29,1,0.02,9521,4895,10982,6056,2932,34386,58,34220,72,7,29,33989,104,14,270,0,9,4041,7240,17312,17074,34386,3058,2738,6430,1077,757,189,241,213,936,723,11422,4940,16362,101.3939323,More males
13,5.2,0.065292183,7701,6439,1184,78,4130,39.25,3397,82.25,222,5.38,510,12.35,1,0.02,11278,5922,11776,6731,4114,39821,26,39771,19,0,5,39641,52,2,114,0,12,6586,8107,19134,20687,39821,7553,5810,3221,940,568,238,293,183,718,807,12353,7978,20331,92.49286992,More females
14,3.3,0.350859543,12405,10054,2331,20,8756,41.18,8314,94.95,199,2.27,222,2.54,21,0.24,20296,12393,26482,13294,7054,79519,279,79081,88,45,26,78786,246,15,407,17,48,11937,16350,38936,40583,79519,10047,8039,10076,4007,2665,951,1262,607,2037,2358,26087,15962,42049,95.94165044,More females
15,4.8,0.171576327,7074,6249,817,8,4924,46.21,4436,90.09,486,9.87,2,0.04,0,0,10791,5946,11932,7770,4942,41381,71,40961,323,0,26,38524,97,19,2721,0,20,8084,8551,19643,21738,41381,10348,8145,1853,418,350,135,346,173,475,575,13372,9446,22818,90.36249885,More females
16,4.5,0.929334159,5346,3857,1484,5,3394,43.48,3011,88.71,343,10.11,40,1.18,0,0,7308,3989,8307,4483,3352,27439,255,27167,7,3,7,27334,49,0,43,1,12,4822,5566,13536,13903,27439,5257,3984,2223,603,607,191,611,171,390,459,9088,5408,14496,97.36028195,More females
17,5.3,0.406176815,10129,7730,2357,42,6133,39.09,5989,97.65,140,2.28,4,0.07,0,0,13834,7641,16967,10602,5612,54656,222,54223,161,9,41,53400,180,45,991,0,40,10060,10920,26189,28688,54877,8453,7235,6239,1781,1843,319,536,291,1090,1321,18161,10947,29108,91.28904071,More females
18,2.6,0.62321191,16238,14517,1647,74,15413,62.42,15082,97.85,253,1.64,78,0.51,0,0,14576,7510,16273,10171,6347,54877,342,54153,361,1,20,52782,378,19,1681,0,17,1883,7619,16473,16658,33131,13568,10513,2487,693,632,154,445,247,676,1021,17808,12628,30436,98.8894225,More females
19,2.9,4.433043936,,,,,0,0,0,0,0,0,0,0,0,0,944,1130,3189,1657,682,7602,337,6967,164,97,37,6988,91,10,449,49,15,395,1628,3828,3774,7602,42,34,955,431,583,189,944,249,448,476,2972,1379,4351,101.4308426,More males
20,2.4,3.550573078,17050,13176,1341,17,12860,68.39,12485,97.08,195,1.52,163,1.27,17,0.13,8267,8948,24241,13122,5187,59765,2122,56708,320,368,247,56854,825,56,1729,73,228,3237,12804,28408,31357,59765,475,268,6485,3667,4523,2963,5325,3010,3782,5073,20590,14711,35301,90.59540135,More females
21,4.4,3.679333555,,,,,0,0,0,0,0,0,0,0,0,0,4759,5174,12560,7532,3106,33131,1219,30794,674,217,227,29621,575,50,2741,81,63,8841,11953,26629,28027,54656,272,111,4044,2388,3225,899,2699,850,2087,2287,12327,6535,18862,95.01195276,More females
22,3.2,2.560488607,,,,,0,0,0,0,0,0,0,0,0,0,585,706,1470,957,539,4257,109,4021,84,18,25,3640,41,8,559,0,9,373,974,2039,2218,4257,59,43,511,271,273,159,360,162,346,415,1549,1050,2599,91.92966637,More females
23,9.7,0.417615793,4489,3958,486,45,1867,66.32,1330,71.24,530,28.39,7,0.37,0,0,3208,1652,2879,1670,1127,10536,44,8260,0,0,2232,10472,18,1,15,1,29,2057,2091,4865,5671,10536,2318,2009,439,110,96,57,74,48,52,63,2979,2287,5266,85.78733909,More females
24,10.4,0.182519916,8702,5471,3230,1,8778,54.6,6327,72.08,2448,27.89,3,0.03,0,0,12577,7381,15059,11057,6523,52597,96,29980,22230,12,279,48895,70,1961,1403,0,268,10424,11072,25357,27240,52597,14996,10324,1489,299,392,152,515,185,302,384,17694,11344,29038,93.08737151,More females
25,6.1,0.140859042,10076,8718,1341,17,6945,50.86,4400,63.35,2514,36.2,31,0.45,0,0,14282,7677,14803,8024,5619,50405,71,50285,9,29,11,47921,79,2,2349,18,36,9238,9950,24259,26146,50405,10877,8157,2677,705,620,306,516,379,737,1111,15427,10658,26085,92.78283485,More females
26,4.1,0.161876073,13032,11554,1167,11,8059,41.45,7239,89.82,734,9.11,82,1.02,4,0.05,18972,10114,20437,13352,8167,71042,115,70830,62,1,34,70460,152,25,383,0,22,14731,14910,33073,37969,71042,17609,14705,2722,704,622,198,335,256,688,979,21976,16842,38818,87.10527009,More females
27,2.9,0.699300699,8519,5914,3263,92,4329,39.19,4193,96.86,9,0.21,127,2.93,0,0,8267,5219,12335,7087,3414,36322,254,35960,75,10,23,35817,123,7,333,5,37,5558,7954,17969,18353,36322,4089,3317,6488,1823,1153,475,624,311,676,1008,13030,6934,19964,97.90769901,More females
28,8,0.38682801,5382,4945,437,0,3738,49.2,2875,76.91,817,21.86,46,1.23,0,0,8149,4728,9068,5173,3128,30246,117,30089,24,7,9,29909,47,3,274,3,10,4670,5529,14849,15397,30246,5740,4599,2871,676,546,169,273,241,456,610,9886,6295,16181,96.4408651,More females
29,6,0.074635057,7310,5919,1380,11,5757,48.01,2676,46.48,3080,53.5,1,0.02,0,0,11640,6765,12746,8500,5904,45555,34,45498,13,2,8,45266,40,3,241,0,5,9098,9452,21632,23923,45555,11674,8630,1663,384,349,138,328,206,509,774,14523,10132,24655,90.42344188,More females
30,60.1,99.85294118,3196,2217,974,5,3407,80.41,3259,95.66,101,2.96,0,0,47,1.38,5526,2123,4856,2314,821,15640,15617,12,0,11,0,15626,3,1,0,1,9,2715,2744,7441,8199,15640,3979,2203,166,18,65,3,73,13,11,15,4294,2254,6548,90.75497012,More females
31,63.9,99.52054795,5304,3059,2159,86,5643,85.59,5557,98.48,82,1.45,1,0.02,3,0.05,10300,3008,8142,3629,1201,26280,26154,20,1,104,1,26203,23,4,0,0,50,3726,3759,12738,13542,26280,6580,3683,244,20,44,2,94,17,17,13,6979,3735,10714,94.06291537,More females
32,58,72.56558357,16229,10077,6076,76,15993,76.12,10504,65.68,5285,33.05,60,0.37,144,0.9,27389,12033,23429,12175,3576,78602,57038,2344,2074,16744,402,74427,360,737,2318,45,715,14316,14775,39591,39011,78602,19524,7734,1965,232,909,126,690,139,486,389,23574,8620,32194,101.4867601,More males
33,65,35.68322411,21862,7827,13731,304,20897,80.6,7612,36.43,12196,58.36,3,0.01,1086,5.2,34152,15742,28636,15288,4144,97962,34956,42208,109,20443,246,96957,232,362,294,45,72,16952,17275,49432,48530,97962,25135,10251,1739,225,1350,176,636,189,608,390,29468,11231,40699,101.8586441,More males
34,77,29.48245527,9635,7621,1941,73,6159,78.43,2283,37.07,3876,62.93,3,0.08,305,8.08,10542,4575,9233,4399,1374,30123,8881,184,4,21046,8,29617,386,2,21,1,96,5237,5466,15591,14532,30123,8472,3679,487,64,203,16,216,29,341,60,9719,3848,13567,107.2873658,More males
35,65.7,99.73062324,3561,2629,865,67,3773,82.9,3415,90.51,50,1.33,3,0.08,305,8.08,5358,2014,5080,2703,1179,16334,16290,36,0,6,2,16328,2,1,1,0,2,2930,2967,7869,8465,16334,4525,2655,149,14,50,2,54,12,10,10,4788,2693,7481,92.95924395,More females
36,59.5,99.96498316,7926,4056,3755,115,8037,81.88,7540,93.82,478,5.95,2,0.02,17,0.21,13061,5191,10996,5597,2280,37125,37112,13,0,0,0,37086,7,0,1,0,31,6405,6269,17887,19238,37125,9995,5640,145,33,85,5,75,33,8,1,10308,5712,16020,92.97744048,More females
37,75.3,2.250855007,6458,2230,4222,6,5690,83.36,852,14.97,4834,84.96,3,0.05,1,0.02,8887,3905,7309,3761,1284,25146,566,15972,0,8587,21,25077,31,0,23,2,13,4572,4743,13099,12047,25146,7152,2798,482,170,166,24,134,33,72,94,8006,3119,11125,108.7324645,More males
38,57.4,97.87099172,9635,7621,1941,73,9611,83.47,9296,96.72,288,3,1,0.01,26,0.27,17540,4904,14481,6855,1969,45749,44775,135,10,820,9,45297,63,30,37,9,313,8112,8173,22420,23329,45749,11017,5534,781,88,269,15,253,70,183,133,12503,5840,18343,96.10356209,More females
39,82.2,32.42134063,3261,2597,661,3,2723,70.05,1645,60.41,1078,39.59,0,0,0,0,5435,2104,4403,2045,633,14620,4740,1202,12,8616,50,14500,34,21,25,6,34,2519,2692,7640,6980,14620,4049,1445,210,25,197,9,85,13,39,10,4580,1502,6082,109.4555874,More males
40,58.8,99.87782156,7652,4748,2869,35,7968,88.75,7774,97.57,186,2.33,7,0.09,1,0.01,10952,4319,10073,5451,1944,32739,32699,38,0,2,0,32708,9,1,8,0,13,5853,5597,14769,15503,30272,8936,5292,289,26,120,5,122,18,20,21,9487,5362,14849,95.2654325,More females
41,53,99.79768528,7980,4912,2999,69,7477,84.64,6301,84.27,1111,14.86,3,0.04,62,0.83,11277,4968,10208,5215,1943,33611,33543,61,0,7,0,33573,21,2,0,0,15,5871,5897,16255,17356,33611,9177,5306,330,23,110,1,71,26,21,11,9709,5367,15076,93.65637244,More females
42,59,99.5377357,13874,7275,6289,310,13538,76.99,6691,49.42,6681,49.35,153,1.13,13,0.1,19785,6935,21066,11042,4123,62951,62660,196,14,58,23,61599,131,76,35,6,1104,11103,10966,30438,32513,62951,17425,9917,1168,83,308,20,348,97,55,54,19304,10171,29475,93.61793744,More females
43,61.7,99.7743755,5591,3000,2583,8,5639,83.78,5614,99.56,25,0.44,0,0,0,0,8555,3523,7322,3779,1641,24820,24764,19,0,30,7,24805,8,0,4,0,3,3936,4000,12033,12787,24820,6660,4004,300,11,116,10,97,17,17,11,7190,4053,11243,94.10338625,More females
44,47.8,95.96133535,9262,6239,2853,170,8944,78.09,5895,65.91,2359,26.38,71,0.79,619,6.92,13448,5534,14736,7335,2501,43554,41795,942,33,658,126,42142,308,223,184,40,657,6810,8200,21752,21802,43554,9078,4811,2045,301,1183,130,1082,223,539,621,13927,6086,20013,99.77066324,Balance
45,64.2,99.87538941,5599,2964,2625,10,6405,87.8,6325,98.75,80,1.25,0,0,0,0,9651,3285,8512,4330,1507,27285,27251,28,0,6,0,27146,18,2,3,0,116,4158,4056,13116,14169,27285,7389,4607,147,6,55,1,63,21,9,10,7663,4645,12308,92.56828287,More females
46,55.1,99.14161611,6720,3165,3524,31,5844,70.78,5467,93.55,291,4.98,19,0.32,67,1.15,9426,3537,9783,4683,1579,29008,28759,209,7,11,22,28537,117,54,36,4,260,6432,6235,16773,17650,34423,6904,3896,1049,84,433,37,170,47,336,224,8892,4288,13180,95.03116147,More females
47,60,99.8678319,7750,3760,3964,26,8826,87.5,8720,98.8,91,1.03,6,0.07,9,0.1,12792,4565,11956,5924,1837,37074,37025,41,2,3,3,36513,37,12,7,0,505,5861,5899,18015,19059,37074,10176,5740,350,22,102,6,164,31,8,15,10800,5814,16614,94.52227294,More females
48,54.3,99.30270857,6232,3265,2951,16,6286,84.76,6205,98.71,60,0.96,0,0,21,0.33,9791,3798,8804,4608,1538,28539,28340,166,0,33,0,46035,3586,826,2229,0,244,5113,5060,13846,14693,28539,7220,4156,524,33,226,17,178,32,122,82,8270,4320,12590,94.23535017,More females
49,61.7,99.56610696,6607,5108,1492,7,6677,89.25,6676,99.99,1,0.01,0,0,0,0,10201,3703,8774,4230,1440,28348,28225,36,1,86,0,28302,24,7,2,0,13,4820,4825,13802,14546,28348,7410,4294,363,23,147,10,107,37,20,20,8047,4384,12431,94.88519181,More females
50,68.5,96.1870126,5610,4778,974,5,5519,81.58,4868,88.2,469,8.5,172,3.12,10,0.18,10539,2874,8249,3825,1185,26672,25655,24,0,968,25,26460,11,1,8,0,192,3927,3889,13090,13582,26672,6702,3782,248,34,97,13,102,17,44,21,7193,3867,11060,96.37755853,More females
51,74.4,47.20267855,9658,4137,5512,9,9522,84.44,3050,32.03,6469,67.94,2,0.02,1,0.01,17442,5334,13365,5823,2239,44203,20865,1036,15,22219,68,43989,97,18,59,1,39,7356,7666,22879,21324,44203,11143,4110,1054,80,414,25,216,71,70,96,12897,4382,17279,107.2922529,More males
52,41.7,38.54978806,31159,15303,15567,289,28056,70.02,17151,61.13,10794,38.47,36,0.12,75,0.26,38626,22346,52379,22906,7653,143910,55477,29395,598,50270,8170,133340,2588,573,2507,390,4512,17747,27393,75745,68165,143910,16780,7046,12471,2720,6707,1252,10845,2084,4303,3665,51106,16767,67873,111.1200763,More males
53,84.2,50.45725646,7835,5484,1907,445,7226,76.22,4930,68.23,2288,31.66,8,0.11,0,0,13287,4243,11110,4980,1590,35210,17766,103,3,17332,6,35132,6,3,4,15,50,5602,5584,18061,17149,35210,10294,4904,263,24,128,3,105,17,25,25,10815,4973,15788,105.3180943,More males
54,59.4,99.56809387,8536,4958,3558,20,9303,86.58,8438,90.7,815,8.76,38,0.41,12,0.13,13986,4843,13043,6189,1994,40055,39882,134,16,9,14,39248,51,15,24,0,717,6782,6593,19257,20798,40055,10444,6137,471,51,354,23,148,29,43,47,11460,6287,17747,92.59063371,More females
55,70.4,12.24386375,10685,4436,6206,43,10077,79.48,5220,51.8,4851,48.14,6,0.06,0,0,15826,7121,13787,6365,2287,45386,5557,20903,12,18512,402,44748,246,61,154,35,142,7079,7938,23521,21865,45386,10829,4343,1718,339,586,73,699,162,538,254,14370,5171,19541,107.573748,More males
56,42.9,98.48350019,6229,3692,2511,26,5777,77.76,4498,77.86,1264,21.88,9,0.16,6,0.1,8539,4201,8379,4292,1559,26970,26561,333,16,45,15,26623,107,33,72,0,135,4981,5289,13382,13588,26970,5525,2919,1285,181,632,49,451,133,238,261,8131,3543,11674,98.48395643,More females
57,74.6,23.11617385,19419,13428,5955,36,21852,81.69,9389,43.01,12414,56.81,1,1,38,0.17,36222,15398,30098,14018,4605,100341,23195,17075,176,58776,1119,98724,515,75,546,99,382,17891,18600,51865,48476,100341,24321,9546,3609,321,868,85,1283,248,522,563,30603,10763,41366,106.9910884,More males
58,52.3,98.34504384,6976,4018,2573,385,5812,64.37,4363,75.07,1248,21.47,42,0.72,159,2.74,11151,5238,10875,5291,1887,34442,33872,410,4,134,22,34193,121,19,49,14,46,5715,6158,16975,17467,34442,7363,4623,1175,164,609,47,624,140,518,398,10289,5372,15661,97.18325986,More females
59,50.5,97.26830699,8464,4432,3838,194,8715,81.17,7623,87.47,1070,12.28,19,0.22,3,0.03,12506,5790,13538,6700,2393,40927,39809,744,42,278,54,40073,166,59,85,97,447,6174,7016,20479,20448,40927,8764,4849,1367,171,669,79,1637,186,420,411,12857,5696,18553,100.1516041,Balance
60,69.8,49.31222515,6379,3762,2615,2,6469,84.9,3775,58.36,2365,36.56,6,0.09,323,4.99,10642,3841,8687,3925,1330,28425,14017,498,12,13801,97,28238,43,8,29,2,105,5038,5252,14339,14086,28425,6883,2877,748,66,365,37,232,36,162,75,8390,3091,11481,101.7961096,More males
61,68.7,21.98812732,13036,6866,6162,8,12303,82.74,3908,31.77,8387,68.17,5,0.04,3,0.02,18829,8833,16809,7847,2598,54916,12075,16342,11,26253,235,54368,249,14,128,17,140,9098,10083,28734,26182,54916,12269,4791,3812,215,780,56,267,125,418,193,17546,5380,22926,109.7471545,More males
62,84.5,67.35052755,7463,4438,2993,32,7511,77.45,4513,60.08,2996,39.89,0,0,2,0.03,13982,4977,11440,5595,1538,37532,25278,286,13,11881,74,37141,60,6,24,3,298,6054,6043,19362,18170,37532,10831,4128,311,39,170,25,135,25,46,38,11493,4255,15748,106.5602642,More males
63,70.2,18.16202941,7861,5057,2803,1,7922,83.07,5298,66.88,2581,32.58,4,0.05,39,0.49,12630,5224,11350,5081,1548,35833,6508,8698,170,20207,250,34979,249,33,373,48,151,5193,6567,19170,16663,35833,8022,2661,1973,122,567,50,287,102,951,125,11800,3060,14860,115.04531,More males
64,74.6,24.21733176,7155,4729,2803,2,6865,81.83,2311,33.66,4083,59.48,2,0.03,469,6.83,11521,4577,9385,4702,1214,31399,7604,9436,220,13815,324,30559,248,47,382,1,162,5221,5815,16406,14993,31399,8111,2804,1007,87,355,43,208,46,160,95,9841,3075,12916,109.4243981,More males
65,59.4,99.63398489,5903,5555,264,84,4404,65.1,3537,80.31,32,0.73,768,17.44,67,1.52,9035,3334,7905,3934,1474,25682,25588,81,2,10,1,25658,10,2,10,0,2,4354,4403,12375,13307,25682,6912,3991,148,10,74,4,83,20,6,7,7223,4032,11255,92.99616743,More females
66,79.2,46.53890039,9701,5433,3598,670,9995,79.64,4673,46.75,5278,52.81,32,0.32,12,0.12,17577,6759,14031,6667,2292,47326,22025,253,227,24688,133,46748,32,13,243,14,276,9012,8884,24504,22822,47326,13050,4595,628,62,484,50,274,41,121,80,14557,4828,19385,107.3700815,More males
67,29.6,71.64993242,9629,8950,522,157,9733,75.78,7192,73.89,2235,22.97,11,0.11,295,3.03,9551,5237,12754,9224,4666,41432,29686,10109,1128,6,503,16338,1135,2378,6935,1,14645,9472,9802,20154,21278,41432,11870,5952,1458,127,487,104,338,116,82,108,14235,6407,20642,94.71754864,More females
68,14.9,12.67016853,9505,8221,1281,3,9462,65.81,6917,73.1,2537,26.81,7,0.08,1,0.01,10531,6037,14021,9598,5503,45690,5789,39420,96,8,377,13563,142,10881,20309,0,795,10527,12405,22139,23551,45690,10098,4228,3505,478,971,184,443,171,423,410,15440,5471,20911,94.00450087,More females
69,12.9,29.25262566,9345,8918,328,99,7891,63,6337,80.31,1506,19.08,45,0.57,3,0.04,10434,5932,13368,8310,4612,42656,12478,24197,5279,10,692,14389,2753,1818,23288,0,408,9238,10481,20611,22045,42656,9032,5137,3520,400,720,190,540,238,169,307,13981,6272,20253,93.49512361,More females
70,16.5,12.90242159,13318,12099,1217,2,12855,70.23,9420,73.28,3338,25.96,24,0.19,73,0.57,14276,8157,18806,12327,6601,60167,7763,33727,17308,3,1366,10642,1439,41273,6700,0,113,15223,16327,29508,30659,60167,15499,6585,3214,333,969,232,667,252,279,541,20628,7943,28571,96.24580058,More females
71,19.4,13.20908394,5454,4615,838,1,4633,65.09,3416,73.73,1049,22.64,164,3.54,4,0.09,3694,2337,6467,5368,3006,20872,2757,16287,1608,10,210,9498,226,6476,4549,2,121,4944,5540,10174,10698,20872,8949,4735,1815,118,422,58,360,102,69,106,11615,5119,16734,95.1018882,More females
72,32.1,81.34537978,10634,9099,1446,89,9043,68.79,6509,71.98,1146,12.67,1383,15.29,5,0.06,8127,4405,10629,7507,3865,34533,28091,5721,399,3,319,20828,949,800,4297,0,7659,7951,8153,16921,17612,34533,9970,6243,1292,164,330,55,246,82,70,42,11908,6586,18494,96.07653872,More females
73,13.5,41.90742467,,,,,0,0,0,0,0,0,0,0,0,0,1749,1568,2918,2064,1358,9657,4047,5176,242,42,150,2976,1311,405,4409,23,533,2089,2684,4760,4897,9657,1086,509,956,290,347,103,645,156,613,602,3647,1660,5307,97.2023688,More females
74,19.5,26.76236943,7756,7207,536,13,6631,59.9,5958,89.85,498,7.51,121,1.83,54,0.81,6647,3748,9963,7448,4168,31974,8557,18848,4137,5,427,12239,261,7497,11202,0,775,3906,3919,8330,9529,17859,7007,3981,2148,297,384,94,323,132,143,150,10005,4654,14659,87.41735754,More females
75,10.2,38.80440728,11338,8475,2906,57,10373,55.68,6799,65.55,2784,26.84,771,7.43,19,0.18,11706,8880,26897,11871,4631,63985,24829,27352,6881,516,4407,32227,4546,17354,9116,210,532,8540,15666,33038,30947,63985,4143,1758,8048,2760,4866,1577,6542,1309,1773,2483,25372,9887,35259,106.7567131,More males
76,15.7,13.72266884,,,,,0,0,0,0,0,0,0,0,0,0,7430,4805,10147,6407,3180,31969,4387,25938,112,15,1517,4672,113,25924,412,5,843,7240,8050,15739,16230,31969,7208,2735,2021,719,808,293,563,242,313,692,10913,4681,15594,96.97473814,More females
77,22,43.33209625,,,,,0,0,0,0,0,0,0,0,0,0,6147,5082,10831,6940,3334,32334,14011,16489,456,89,1289,22552,371,5852,3400,16,143,6286,8200,15702,16632,32334,4673,1894,2994,894,1720,495,1304,483,938,1393,11629,5159,16788,94.40836941,More females
78,14.7,44.81537683,,,,,0,0,0,0,0,0,0,0,0,0,2860,2072,5066,2636,1205,13839,6202,6359,222,58,998,10429,632,945,1753,4,76,2272,3119,7371,6468,13839,829,465,1777,399,794,146,545,165,1556,557,5501,1732,7233,113.961039,More males
79,13.1,57.4548058,6671,5296,1370,5,0,0,0,0,0,0,0,0,0,0,1136,1003,1740,1085,623,5587,3210,2304,60,0,13,5085,126,182,191,0,3,1197,1484,2852,2735,5587,981,550,332,58,136,36,203,78,420,201,2072,923,2995,104.2778793,More males
80,13.6,10.8383923,,,,,0,0,0,0,0,0,0,0,0,0,5370,2857,5532,3419,1930,19108,2071,16782,11,2,242,2132,50,16696,117,0,113,4448,4757,9214,9894,19108,4195,1684,1143,282,259,82,204,105,239,327,604,248,852,93.12714777,More females
81,25.9,57.72887324,,,,,0,0,0,0,0,0,0,0,0,0,6759,4499,8983,5531,2628,28400,16395,11090,209,86,620,16217,551,5333,5803,63,433,5665,6736,13922,14478,28400,5044,2364,2329,538,1008,269,888,300,333,855,9602,4326,13928,96.15969056,More females
82,17.5,40.65974232,,,,,0,0,0,0,0,0,0,0,0,0,7012,5095,11463,6521,2740,32831,13349,16672,1133,79,1598,13708,1292,9189,8164,46,432,5516,8320,15868,16963,32831,2147,840,424,122,2129,557,1233,580,1444,1448,11193,4645,15838,93.54477392,More females
83,14.7,45.83319166,,,,,0,0,0,0,0,0,0,0,0,0,5708,4591,9384,6396,3332,29411,13480,14907,431,49,544,13425,570,2787,11926,28,675,5842,7952,14406,15005,29411,4634,2378,2673,661,1205,345,1451,303,549,886,10512,4573,15085,96.00799733,More females
84,60.9,99.54625941,5677,2972,1739,986,5783,75.23,4859,84.02,229,3.96,686,11.86,9,0.16,9000,3233,8781,4263,1831,27108,26985,116,2,5,0,26955,38,26,30,1,58,4919,4873,13166,13942,27108,7470,4420,345,24,132,4,97,31,18,21,8062,4500,12562,94.43408406,More females
85,50.7,99.92252352,10185,4880,5232,73,10814,85.8,6245,57.75,2223,20.56,55,0.51,2291,21.18,13925,5921,14400,7834,3095,45175,45140,34,0,1,0,45149,12,2,7,0,5,8486,8001,21678,23497,45175,12797,8371,466,37,114,4,113,36,17,4,13507,8452,21959,92.2585862,More females
86,17.5,43.51687389,7937,4261,2044,70,6798,80.76,5049,74.27,1723,25.35,4,0.06,22,0.32,7725,4149,9183,5860,2922,29839,12985,11674,4212,29,939,19734,4330,2271,3160,0,344,6281,7239,14660,15179,29839,12317,5578,1754,182,442,119,464,145,251,275,15228,6299,21527,96.58080242,More females
87,15.5,72.31346611,5457,3681,1758,18,5458,71.48,2158,39.54,1341,24.57,7,0.13,1952,35.76,7035,3947,8771,5018,2141,26912,19461,6768,517,41,125,22694,327,2973,810,1,107,5224,5946,13498,13414,26912,6333,3782,1841,176,287,49,688,203,119,198,9268,4408,13676,100.6262114,More males
88,25,45.86369388,9375,5080,4122,173,10227,74.41,9962,97.41,195,1.91,57,0.56,13,0.12,12327,6064,13757,9020,4670,45838,21023,24563,57,1,194,20919,398,9346,14274,0,901,10652,11475,22549,23289,45838,6618,4159,450,21,152,11,146,31,23,14,7389,4236,11625,96.82253424,More females
89,54,99.20300752,10380,4081,1552,4747,10266,74.81,4787,46.63,2802,27.29,2410,23.48,267,2.6,13392,6141,14900,8420,3697,46550,46179,313,22,18,18,46143,53,78,99,4,173,8828,8800,22547,24003,46550,12100,8002,1175,109,490,54,578,93,178,150,14521,8408,22929,93.93409157,More females
90,58.5,99.81031866,5524,3890,1600,34,5611,87.51,5530,98.56,68,1.21,2,0.03,11,0.2,8121,3148,7104,3946,1405,23724,23679,43,1,1,0,23686,10,9,1,0,18,4252,4175,11446,12278,23724,6122,3774,429,28,124,10,90,24,21,10,6786,3846,10632,93.22365206,More females
91,58.2,99.7720666,6171,3728,2431,12,6902,84.06,6788,98.35,111,1.61,1,0.01,2,0.03,10647,3580,9563,4875,1607,30272,30203,67,0,0,2,29678,18,12,3,0,561,5633,5403,15743,16996,32739,7740,4649,613,46,163,10,144,40,25,25,8685,4770,13455,92.6276771,More females
92,55.2,99.40566463,5749,3356,2358,35,5432,79.8,4395,80.91,913,16.81,18,0.33,106,1.95,7837,2851,7853,4255,1601,24397,24252,118,3,23,1,24109,30,31,38,1,188,4395,4448,11865,12532,24397,6618,4159,450,21,152,11,146,31,23,14,7389,4236,11625,94.67762528,More females
93,21.3,61.57738469,10971,7760,3149,82,10149,69.81,3859,38.02,6129,60.39,132,1.3,29,0.29,11752,6644,14556,9898,4976,47826,29450,3283,13959,12,1122,25525,9902,5428,1757,0,5214,10761,10935,23468,24358,47826,13447,7537,19,219,534,133,368,129,82,179,16331,8197,24528,96.34616964,More females
94,24.7,62.0505618,7330,5439,1735,156,7388,68.59,3905,52.86,3227,43.68,244,3.3,12,0.16,9144,4694,11294,7025,3443,35600,22090,9597,3211,34,668,17634,868,4869,7397,8,4824,8026,8243,17525,18075,35600,8882,5233,1887,196,464,93,315,162,361,416,11909,610,18009,96.9571231,More females
95,41.9,95.98773067,13201,7362,5732,107,12076,70.3,5731,47.46,5802,48.05,44,0.36,499,4.13,15370,8369,21294,11029,4577,60639,58206,1674,56,571,132,58708,623,174,240,121,773,11254,12932,30830,29809,60639,9916,6029,6619,1356,1084,109,2606,333,902,108,21127,8907,30034,103.4251401,More males
96,10.9,12.92095963,10616,10166,427,29,10028,58.62,8662,86.38,1353,13.49,8,0.08,5,0.05,12272,7918,16839,10625,5825,53479,6910,13698,22077,11,10783,8437,9777,7555,27605,0,105,11869,14050,25855,27624,53479,10872,5299,4711,681,1227,254,678,324,514,718,18002,7276,25278,93.59614828,More females
97,54.6,99.42389433,6488,3488,2861,139,7056,84.48,4959,70.28,1756,24.89,127,1.8,214,3.03,7782,3350,8922,5721,2692,28467,28303,150,7,2,5,28373,12,10,16,0,56,5982,5647,13762,14705,28467,8182,5166,589,53,214,7,141,45,38,32,9164,5303,14467,93.58721523,More females
98,50.9,99.45935571,7691,1872,3275,598,7160,81.77,6011,83.95,493,6.89,653,9.12,3,0.04,9569,3826,9749,5718,2397,31259,31090,145,8,9,7,31077,75,15,16,2,74,5705,5737,15021,16238,31259,8012,5391,810,98,422,28,200,49,44,67,9488,5633,15121,92.50523463,More females
99,58.8,99.88030505,7078,5078,1965,35,6826,78.19,3361,49.24,3456,50.63,8,0.12,1,0.01,7935,3340,9715,5484,2767,29241,29206,30,4,1,0,27293,32,5,6,0,1905,6155,6141,13853,15388,29241,8549,5426,462,31,134,15,111,30,20,13,9276,5515,14791,90.02469457,More females
100,22.8,48.03882544,8352,7197,1108,47,7896,79.76,6980,88.4,877,11.11,23,0.29,16,0.2,8491,4551,10043,6364,3210,32659,15689,15864,635,5,466,15555,477,15300,1065,0,262,7285,7902,16124,16535,32659,9092,4112,1123,285,340,96,350,139,104,164,11009,4796,15805,97.51436347,More females
101,26.9,71.01489898,10068,4140,5848,80,10743,75.02,4115,38.3,6592,61.36,33,0.31,3,0.03,12018,7259,13976,8774,4352,46379,32936,12841,92,5,505,32661,483,12154,838,0,243,10053,10456,22608,23771,46379,12221,665,1951,327,581,118,402,172,115,437,1527,7704,22974,95.10748391,More females
102,13.2,30.52140255,12607,10395,1619,43,13163,72.81,10197,77.47,2922,22.2,0,0,44,0.33,15073,8398,18794,12263,6960,61488,18767,15656,26005,12,1048,18993,17444,10902,13880,1,268,13828,15346,29723,31765,61488,15473,8629,312,238,843,229,547,218,243,332,20226,9646,29872,93.571541,More females
103,11.6,15.93673493,11427,10948,438,41,11720,76.95,10304,87.92,1402,11.96,1,0.01,13,0.11,13269,7185,15713,9945,5354,51466,8202,35487,7030,19,728,11584,9043,2162,28274,5,398,10669,13366,25000,26466,51466,11570,5923,3779,753,663,185,506,247,201,363,16719,7471,24190,94.46081765,More females
104,51.5,99.82376542,6293,2788,3097,408,6424,80.88,3964,61.71,1965,30.59,40,0.62,455,7.08,7423,3165,8293,5320,2468,26669,26622,34,1,8,4,26585,12,4,14,4,50,5259,5124,12761,13908,26669,7626,4812,453,25,150,5,119,40,57,38,8405,4920,13325,91.75294794,More females
105,50.4,99.63639905,7527,1860,5641,26,7668,86.32,3921,51.13,3619,47.2,13,0.17,115,1.5,9827,3684,9591,5420,2281,30803,30691,99,0,9,4,30341,44,11,13,1,393,5895,5803,14898,15905,30803,7833,4967,891,59,290,27,225,81,71,92,9310,5226,14536,93.66865765,More females
106,53.1,99.83047564,9915,8005,669,641,9658,78.04,4308,44.6,4789,49.59,514,5.32,47,0.49,11716,4944,13102,7948,3582,41292,41222,61,2,1,6,40898,28,11,13,0,342,8549,8412,19789,21503,41292,11572,7283,803,94,318,25,220,50,38,16,12951,7468,20419,92.02901921,More females
107,22.3,51.37413984,10350,7437,2900,13,9231,67.97,2934,31.78,6256,67.77,30,0.33,11,0.12,11571,6268,14773,9582,4890,47084,24189,14341,8037,10,507,16482,2092,3141,15954,0,9415,10734,10900,22947,24137,47084,12847,7336,2346,189,392,67,301,123,61,148,15947,7863,2381,95.06980984,More females
108,53.9,97.06584018,10982,3311,1852,5819,11043,79.2,5016,45.42,773,7,5250,47.54,4,0.04,14380,6180,16094,8852,3537,49043,47604,1260,73,10,96,47335,390,326,595,0,397,8840,9737,24058,24985,49043,11403,7081,2604,370,784,72,474,119,369,409,15634,8051,23685,96.28977386,More females
109,59.1,99.5613398,7756,3690,4057,9,7222,69,3889,53.85,3300,45.69,17,0.24,16,0.22,11164,4253,11294,5707,2005,34423,34272,118,3,24,6,33647,41,29,6,0,700,4963,5180,14149,14859,29008,9553,5719,538,29,105,9,159,34,18,15,10373,5806,16179,95.22175113,More females
110,51.4,97.9236356,14163,8892,3995,1276,11813,61.19,8410,71.19,2931,24.81,432,3.66,40,0.34,16438,7259,22918,13387,6364,66366,64988,954,42,287,95,64307,447,195,219,134,1064,13203,13552,32600,33766,66366,16864,11004,2481,351,1031,135,1201,186,1447,646,23024,12322,35346,96.54682225,More females
111,61.7,99.65139019,7442,5051,2181,210,7559,70.03,3928,51.96,3040,40.22,163,2.16,428,5.66,8403,3804,11731,7667,3678,35283,35160,82,10,18,13,34887,59,9,43,3,282,6956,6980,16682,18601,35283,10209,6943,898,97,290,15,289,56,144,109,11830,7220,19050,89.68335036,More females
112,17.3,56.49752797,10794,7289,4509,46,12375,76.43,6816,55.08,5500,44.44,7,0.06,52,0.42,16185,8584,18135,10390,4351,57645,32568,24019,485,30,543,37087,431,3752,15992,6,377,11658,12705,28425,29220,57645,12988,7001,3471,353,1281,216,591,256,320,435,18651,8261,26912,97.27926078,More females
113,14.9,21.31063705,19761,17646,2112,3,20541,74.97,18725,91.16,1804,8.78,3,0.02,9,0.04,9993,6249,13028,7800,3994,41064,8751,31529,109,6,669,9771,1004,29704,278,1,306,9897,10481,20408,20656,41064,11236,4984,1794,300,579,118,483,178,210,271,14302,5851,20153,98.79938033,More females
114,20.2,45.33519634,8048,4196,3850,2,7949,76.11,3888,48.91,4023,50.61,5,0.06,33,0.42,8785,4943,10921,6559,3145,34353,15574,14211,1588,13,2967,27104,3725,324,3047,1,152,7266,7672,16739,17614,34353,9021,5526,1671,134,447,63,269,163,98,129,11506,6015,17521,95.03236062,More females
115,16.4,13.03641916,22590,20629,1959,2,20821,68.18,15602,74.93,5162,24.79,5,0.03,52,0.25,14906,9255,20904,14267,7803,67135,8752,53232,4452,26,673,17885,262,18342,30512,7,127,16189,18023,32710,34425,67135,17396,8245,3631,382,1022,178,870,258,322,400,23241,9463,32704,95.01815541,More females
116,28.4,87.20764879,9636,5897,3731,8,9836,71.83,7406,75.3,2111,21.46,4,0.04,315,3.2,9269,4912,10337,5986,2547,33051,28823,3439,355,17,417,29866,381,742,1982,0,80,6630,6854,16426,16625,33051,9055,499,1281,133,253,34,196,111,44,63,10829,5331,1616,98.80300752,More females
117,16.8,53.98560539,9541,6471,3022,48,12528,74.96,7970,63.62,4474,35.71,6,0.05,78,0.62,14651,7754,15885,9241,4155,51686,27903,7598,15748,9,428,33357,6893,530,10251,3,652,10432,10936,25171,26515,51686,12729,7453,2456,199,677,153,412,163,137,174,16411,8142,24553,94.93117104,More females
118,17.9,42.63290441,12316,11519,721,76,11516,70.74,7637,66.32,3875,33.65,1,0.01,3,0.02,13468,9128,18869,11007,5502,57974,24716,31387,744,10,1117,25381,389,30978,852,3,371,13861,14800,28504,29470,57974,14561,6436,347,740,1168,282,754,328,268,701,20221,8487,28708,96.72209026,More females
119,22.3,9.98720742,16400,9259,7129,12,17941,55.28,8040,44.81,9818,54.72,57,0.32,26,0.15,21919,15511,34705,19303,8620,100058,9993,84268,1274,235,4288,53835,1230,41401,2865,109,618,18718,24507,48708,51350,100058,17282,8534,7946,2345,4476,1285,3182,1051,1886,2460,34772,15675,50447,94.85491723,More females
120,53.1,99.57208896,6343,4308,2005,30,7216,82.21,6132,84.98,1040,14.41,5,0.07,39,0.54,10314,4471,9899,5340,1992,32016,31879,100,0,20,17,31821,60,4,10,17,104,5959,5555,15521,16495,32016,8244,5396,596,69,229,20,283,71,156,117,9508,5673,15181,94.09518036,More females
121,19.8,66.71962798,6303,4845,1455,3,6423,82.73,6375,99.25,25,0.39,0,0,23,0.36,6923,3578,7818,4828,2658,25805,17217,4771,3332,2,483,18172,192,3523,3898,0,20,5582,5957,12613,13192,258051,6436,3399,1218,130,405,87,280,102,85,184,8424,3902,12326,95.61097635,More females
122,24,55.26280948,12950,9071,3875,4,11649,65.61,10377,89.08,1254,10.77,13,0.11,5,0.04,7969,4540,9040,5758,2905,30212,16696,13168,74,1,273,16859,73,7621,5472,0,187,6886,7186,14913,15299,30212,8445,4319,1088,155,293,70,205,112,52,124,10083,478,14863,97.47695928,More females
123,22.6,48.41449063,18062,14563,3303,186,18762,72.19,14368,76.58,3810,20.31,263,1.4,321,1.71,15908,8773,19486,12394,6321,62882,30444,26275,5425,15,723,21930,4030,10334,16803,0,9785,14745,15430,30857,32025,62882,17375,8807,2314,248,628,105,523,214,149,235,20989,9609,30598,96.35284934,More females
124,58.7,98.49411361,7639,5243,2522,144,3818,78,3305,86.56,201,5.26,4,0.11,308,8.07,11517,4431,11583,5433,2032,34996,34469,410,15,88,14,34042,155,88,53,5,653,5913,6020,17396,17600,34996,9444,5647,1009,69,189,7,137,43,106,15,10885,5781,16666,98.84090909,More females
125,29.8,61.20725282,14270,12402,1503,365,14544,66.71,13171,90.56,912,6.27,452,3.11,9,0.06,10204,4645,11843,7995,4029,38716,23697,12480,2147,1,391,12351,2086,4929,7484,0,11866,8479,9111,19213,19503,38716,11159,5687,1126,82,363,57,308,114,52,73,13008,6013,19021,98.51304927,More females
126,18.4,70.34209319,6651,5798,852,1,7071,79.11,6645,93.98,344,4.86,0,0,82,1.16,7993,4603,9325,5721,2876,30518,21467,5677,626,5,2743,21577,2443,4776,1552,4,166,6839,7081,15008,15510,30518,7997,4209,1392,182,370,94,280,116,61,101,101,4702,14802,96.76337847,More females
127,20.5,78.16007671,7937,6741,974,222,7642,84.67,4947,64.74,2286,29.91,26,0.34,383,5.01,10856,4814,11554,5888,2346,35458,27714,1679,5719,34,312,28515,2255,325,3890,2,471,6789,7215,17929,17529,35458,8769,4541,1422,124,437,38,800,108,48,48,11476,4859,16335,102.2819328,More males
128,55.8,97.82973819,6746,3880,2850,16,6704,78.24,5560,82.94,885,13.2,5,0.07,254,3.79,8554,4570,9466,5221,2554,30365,29706,251,4,389,15,29718,63,33,23,22,506,5343,5421,15044,15321,30365,7568,4662,1187,137,421,20,405,71,342,292,9923,5182,15105,98.19202402,More females
129,72,99.94358357,6619,4748,1869,2,6097,74.49,3792,62.2,2185,35.84,21,0.34,99,1.62,6481,3407,8565,5353,2782,26588,26573,14,0,1,0,26482,12,8,4,0,82,4858,4870,12886,13702,26588,8310,5097,456,105,150,6,111,31,68,54,9095,5293,14388,94.04466501,More females
130,67.9,98.00547023,5295,3986,1307,2,5086,76.46,3184,62.6,1856,36.49,3,0.06,43,0.85,8224,3313,6655,3755,1818,23765,23291,15,0,459,0,23294,50,0,4,0,417,3605,3626,11456,12309,23765,5946,3959,448,62,192,6,129,58,35,21,6750,4106,10856,93.0701113,More females
131,60.1,99.19575983,10776,8419,2349,8,9935,72.91,4977,50.09,4108,41.35,112,1.13,738,7.43,15133,7289,14827,8283,3334,48866,48473,304,0,34,55,47098,151,20,65,11,1521,9170,9110,23789,25077,48866,11636,7206,1628,428,505,47,425,90,725,382,14919,8153,23072,94.86381944,More females
132,59,97.43200331,,5180,2938,1,8388,72.28,8351,99.55,36,0.43,0,0,1,0.01,7832,4454,11892,7402,4635,36215,35285,872,23,27,8,27116,102,65,69,13,8850,7520,7758,17658,18557,36215,11006,6908,1500,131,187,9,159,46,55,66,12907,7160,20067,95.15546694,More females
133,66.5,99.84716491,4748,3913,834,1,4927,79.94,4925,99.96,2,0.04,0,0,0,0,5313,2392,6477,3533,1914,19629,19599,24,3,1,2,17808,25,3,3,0,1790,4292,4271,9374,10255,19629,5816,3397,362,159,81,7,98,17,42,28,6399,3608,10007,91.40906875,More females
134,44,99.0810935,4625,3610,1013,2,4212,73.66,2860,67.9,1325,31.46,3,0.07,24,0.57,6880,3503,6130,3202,2050,21765,21565,144,0,55,1,21685,39,0,0,5,36,3482,3555,11022,10743,21765,5438,3217,484,60,208,6,686,28,63,44,6879,3355,10234,102.5970399,More males
135,70.5,97.4648986,,6307,493,88,5667,76.84,3356,59.22,2303,40.64,7,0.12,1,0.02,7424,3485,8807,4114,1810,25640,24990,600,5,31,14,24512,62,20,11,0,1035,11873,12282,34046,33259,67305,6692,4125,1686,74,104,9,130,16,71,76,8683,4300,12983,102.3662768,More males
136,77.2,97.39763061,9639,5455,4171,13,9336,81.48,4935,52.86,4385,46.97,0,0,16,0.17,16164,7131,13346,6148,2708,45497,44313,50,0,1134,0,44304,18,17,0,0,1158,6524,6448,22152,23345,45497,12203,8176,295,64,63,4,104,10,12,11,12677,8265,20942,94.88969801,More females
137,62.9,99.29161747,4031,3295,664,72,4325,90.92,4302,99.47,18,0.41,3,0.07,2,0.05,3950,1773,5290,3343,1737,16093,15979,95,4,14,1,15307,14,24,12,3,733,3446,3469,7722,8371,16093,4876,3154,413,39,97,3,87,13,7,2,548,3211,8691,92.24704336,More females
138,71,99.90989445,6466,3159,2301,6,5807,85.64,5766,99.29,40,0.69,0,0,1,0.02,6232,2929,7627,4123,2395,23306,23285,18,0,2,1,21792,28,2,0,0,1484,4724,4751,11057,12249,23306,6984,4511,249,40,62,14,114,14,34,25,7443,4604,12047,90.26859335,More females
139,62.3,99.49456051,4650,4050,592,8,4749,79.94,4745,99.92,2,0.04,2,0.04,0,0,6634,2456,6465,3540,1679,20774,20669,63,0,34,8,18256,46,15,8,0,2449,5943,6097,19514,17774,37288,5258,343,396,112,180,12,181,23,46,84,6061,3661,9722,109.7895803,More males
140,70.8,99.95291409,4656,4632,11,13,4346,88.46,4089,94.09,10,0.23,0,0,247,5.68,6528,3151,5562,2771,1102,19114,19105,6,0,3,0,19083,8,0,0,0,23,2792,2714,9351,9763,19114,5236,3479,187,18,84,1,99,12,35,9,5641,3519,916,95.77998566,More females
141,67.7,99.50752723,5039,3676,1362,1,4536,76.67,3974,87.61,559,12.32,3,0.07,0,0,8844,4235,7137,3165,1595,24976,24853,16,2,103,2,24750,24,4,3,78,117,3911,3996,12033,12943,24976,6173,4324,344,60,129,2,159,15,63,52,6868,4453,11321,92.96917253,More females
142,58,99.86241462,5247,3693,1283,1,5521,82.46,5518,99.94,2,0.04,1,0.02,0,0,4671,2238,6336,4354,2752,20351,20323,23,0,0,5,13152,18,4,4,0,7173,4379,4357,9454,10897,20351,6396,4182,234,40,69,2,104,17,14,8,6817,4249,11066,86.75782325,More females
143,90.6,21.85245855,6869,6166,699,4,6873,83.07,6768,98.47,3,0.04,0,0,102,1.49,12323,6823,8961,4519,2171,34797,7604,19,0,27174,0,7617,1,3,1,26926,249,5121,4829,17609,17188,34797,9157,4194,195,19,57,1,152,14,65,24,9626,4252,13878,102.4493833,More males
144,63.8,99.96556711,6691,4357,2302,32,6716,80.46,5318,79.18,1330,19.8,50,0.75,18,0.27,8795,3970,9028,5103,2146,29042,29032,8,1,1,0,28959,3,2,2,0,76,5558,5172,13820,15222,29042,8316,5386,281,17,90,4,80,22,18,26,8785,5455,1424,90.78964656,More females
145,67.3,99.23118344,6941,6339,600,2,6531,73.98,6322,96.8,207,3.17,2,0.03,0,0,12184,4750,9813,4639,2042,33428,33171,205,2,50,0,33301,34,5,7,6,75,4641,4701,16551,16877,33428,8266,5561,852,28,70,2,246,18,54,9,9488,5618,15106,98.06837708,More females
146,66.5,99.82873128,12617,9164,3421,32,12810,79.89,8146,63.59,4647,36.28,7,0.05,10,0.08,13343,5822,17553,10250,5581,52549,52459,80,5,4,1,48240,47,8,11,0,4243,11285,11339,24754,27795,52549,15722,9838,852,97,320,14,265,63,45,93,17204,10105,27309,89.05918331,More females
147,64.7,99.62709758,7229,4059,3166,4,7416,83.45,6600,89,768,10.36,9,0.12,39,0.52,9094,4291,9330,5430,2426,30571,30457,12,0,102,0,30372,9,1,4,12,173,5745,5676,14820,15751,30571,8660,5235,492,64,158,4,115,21,31,31,9456,5355,14811,94.08926417,More females
148,49.5,99.26807397,10191,7768,3411,12,11017,80.62,10955,99.44,55,0.5,6,0.05,1,0.01,9425,4957,13806,8743,4330,41261,40959,168,6,86,42,35512,106,29,39,44,5531,8862,8873,19967,21294,41261,11577,7272,1057,182,352,24,726,83,612,386,14324,7947,22271,93.76819761,More females
149,53.3,94.48349269,23328,17520,5644,164,23416,78.38,21461,91.65,1758,7.5,147,0.62,50,0.21,32169,16065,35994,17543,7211,108982,102970,2486,50,3043,433,104260,900,254,343,178,3047,16972,18677,56834,52148,108982,20414,12454,6975,1475,2553,208,4797,460,2473,1306,37212,15903,53115,108.985963,More males
150,61.9,98.21327946,15119,8504,6605,110,14283,70.86,4742,33.2,8862,62.05,7,0.05,672,4.7,23833,10851,20798,11249,6028,72759,71459,295,3,887,115,71678,83,5,18,124,851,11710,11803,35711,37048,72759,17441,10933,2078,820,555,37,1117,135,448,302,21639,12227,33866,96.39116821,More females
151,59.3,97.26317598,7651,6176,1472,3,7845,78.18,6811,86.82,959,12.22,36,0.46,39,0.5,10072,4959,11498,5803,2599,34931,33975,857,40,38,21,34245,214,72,178,19,203,6373,6720,17433,17498,34931,8561,4856,1816,307,470,32,418,66,168,173,11433,5434,16867,99.62852897,Balance
152,68.5,99.65914207,3774,3523,250,1,3923,86.03,3920,99.92,2,0.05,1,0.03,0,0,4360,1912,5049,2820,1408,15549,15496,30,1,18,4,15084,96,12,7,0,350,3287,3379,7545,8004,15549,4243,2524,549,53,97,3,96,13,101,64,5086,2657,7743,94.26536732,More females
153,61.7,98.93664449,13256,9674,3505,77,12336,79.87,10165,82.4,2072,16.8,10,0.08,89,0.72,20934,10184,17370,8237,3838,60563,59919,94,0,549,1,59928,48,12,5,19,551,10069,9942,29117,31446,60563,14442,9813,1195,118,431,18,400,67,343,225,16811,10241,27052,92.59365261,More females
154,57.1,98.66300031,19188,17470,1641,77,17484,79.72,14354,82.1,2235,12.78,85,0.49,810,4.63,26147,12063,25652,12969,4994,81825,80731,567,24,477,26,80522,206,62,111,24,900,14808,14999,40501,41324,81825,19675,11294,2705,455,866,55,1019,168,829,478,25094,12450,37544,98.00842126,More females
155,55.4,95.92722065,5366,4737,620,9,4938,71.84,3067,62.11,1635,33.11,235,4.76,1,0.02,6637,3664,7776,3862,1804,23743,22776,846,8,57,56,21794,359,59,83,18,1430,4182,4578,12211,11532,23743,4958,2943,1395,188,577,34,480,73,780,236,8190,3474,11664,105.8879639,More males
156,61.4,99.79441427,6357,5937,407,13,5521,74.76,4667,84.53,455,8.24,1,0.02,398,7.21,7738,3723,7865,4438,2016,25780,25727,20,1,31,1,25504,13,1,6,0,256,4689,4710,12555,13225,25780,7148,4338,477,51,222,11,131,25,28,34,8006,4459,12465,94.93383743,More females
157,58.4,99.82169798,8700,7913,709,78,9019,82.43,1854,20.56,7140,79.17,23,0.25,2,0.02,9904,4660,11580,6834,3477,36455,36390,58,1,0,6,34142,57,6,10,0,2240,7704,7705,17414,19041,36455,10218,6231,875,128,251,21,263,53,107,235,11714,6668,18382,91.45528071,More females
158,74.9,99.84066505,6246,4254,1991,1,6816,79.24,6730,98.74,85,1.25,1,0.01,0,0,9234,4125,8187,4822,2502,28870,28824,28,0,18,0,28726,11,4,2,0,127,4334,4376,13944,14926,28870,8084,5463,291,30,116,3,99,19,21,38,8611,5553,14164,93.42087632,More females
159,57.8,99.819462,6831,5505,1325,4,6486,81.2,3665,56.51,643,9.91,9,0.14,2169,33.44,8780,3721,8562,4652,1980,27695,27645,12,1,35,2,27192,17,1,1,0,484,5645,5274,13280,14415,27695,7590,4494,441,109,112,2,89,21,20,34,8252,4660,12912,92.12625737,More females
160,64.6,99.9399976,4283,2318,1962,3,4207,76,4150,98.65,55,1.31,1,0.02,1,0.02,3443,1764,5211,3815,2433,16666,16656,8,0,2,0,16558,9,5,0,0,94,3842,3802,7702,8964,16666,5230,3363,237,20,74,1,129,13,24,14,5694,3411,9105,85.92146363,More females
161,57.4,99.68199714,10350,9041,1291,15,9467,76,8753,92.46,595,6.28,2,0.02,117,1.24,15298,6450,14185,7354,2939,46226,46079,117,6,19,5,45771,103,17,30,2,303,8719,8258,22468,23758,46226,11969,6870,913,103,403,25,242,75,170,165,13697,7238,20935,94.57025002,More females
162,84.6,26.97221533,4565,4321,242,2,7052,79,6895,97.78,155,2.2,1,0.01,1,0.01,10763,6175,8943,4320,2047,32248,8698,174,15,23353,8,8870,33,6,19,20565,2755,4719,4676,16744,15504,32248,8191,3357,766,21,161,1,305,18,295,121,9718,3518,13236,107.997936,More males
163,61.4,98.52743984,9947,7827,2112,8,9545,74.46,7860,82.35,66,0.69,2,0.02,1617,16.94,10242,5136,13003,8113,4523,41017,40413,410,9,179,6,40516,91,15,70,121,204,7818,7939,20334,20683,41017,11325,6955,1492,91,386,14,772,52,240,195,14215,7307,21522,98.31262389,More females
164,45.9,97.15125324,13985,9907,4074,4,12651,71.37,11698,92.47,907,7.17,2,0.01,44,0.35,11631,6773,19939,12425,7082,57850,56202,1265,40,269,74,43233,579,127,160,79,13672,11890,12631,29649,28201,57850,14744,9111,4608,287,889,44,1751,153,525,458,22517,10053,32570,105.1345697,More males
165,55.1,98.26972773,12660,8967,3920,43,11386,77.33,8568,75.25,2236,19.64,2,0.02,580,5.09,16950,7507,17334,8446,3165,53402,52478,748,13,118,45,52498,353,72,77,30,372,10115,9953,26861,26541,53402,13323,7603,1881,203,708,55,780,109,368,253,17060,8223,25283,101.2056818,More males
166,63.1,99.8999913,5076,4935,116,7,5347,88.79,5276,98.67,62,1.16,1,0.02,8,0.15,7897,3453,6794,3507,1347,22998,22975,19,0,2,2,22978,9,1,6,0,4,3589,3539,11384,11614,22998,6164,3748,296,14,168,4,110,29,39,16,6777,3811,10588,98.01963148,More females
167,76.4,99.79942816,5816,3935,1843,38,6005,85.87,5996,99.85,4,0.07,5,0.08,0,0,6261,2822,7599,4305,2446,23433,23386,40,1,3,3,22917,23,2,8,1,482,4808,4832,11184,12249,23433,6893,4372,546,230,78,4,83,18,11,10,7611,4634,12245,91.30541269,More females
168,68.2,53.44371969,12673,4277,7487,909,13933,71.17,8117,58.26,5807,41.68,9,0.06,0,0,20182,9496,16976,9165,3971,59790,31954,27828,0,0,8,59741,21,1,1,3,23,9861,9056,29967,29823,59790,16861,9745,416,231,259,79,358,81,114,99,18008,10235,28243,100.4828488,Balance
169,46.3,2.44819213,7043,816,6206,21,6587,73.61,3089,46.9,3486,52.92,1,0.01,1,0.17,9864,4789,8733,4511,2166,30063,736,29307,2,11,7,30025,14,1,4,9,10,4881,4743,14478,15585,30063,7818,5684,189,46,203,35,318,46,67,38,8595,5849,14444,92.89701636,More females
170,26.5,0.173100225,3871,506,3355,10,3878,77.76,1704,43.94,2164,55.8,9,0.23,1,0.03,4301,2380,4635,3093,2922,17331,30,17294,2,0,5,17265,10,1,7,0,48,3758,3988,7929,9402,17331,3880,3189,806,230,252,88,199,84,115,235,5252,3826,9078,84.33312061,More females
171,80.9,29.26164808,10309,4185,6116,8,10374,83.14,4500,43.49,5841,56.45,4,0.04,2,0.02,15338,6730,12098,6350,2431,42947,12567,18558,2,11769,51,42879,37,5,17,0,9,6600,7047,21850,21097,42947,11814,5477,793,124,210,30,211,53,86,70,13114,5754,18868,103.5692279,More males
172,85,4.673040153,7243,425,6814,4,5832,72.78,294,5.04,5413,92.82,0,0,125,2.14,8719,4435,7127,3967,1902,26150,1222,23109,0,1819,0,26145,5,0,0,0,0,4053,4130,13104,13046,26150,7561,4201,155,18,57,4,94,14,74,42,7941,4279,12220,100.4445807,Balance
173,26.3,1.272978338,5115,766,4325,24,5126,72.51,1896,36.97,3223,62.85,9,0.18,0,0,5159,3330,6806,4686,3193,23174,295,22834,14,0,31,22929,27,7,56,0,155,4874,5133,10435,12739,23174,5528,4162,717,308,403,95,341,171,122,271,7111,5007,12118,81.91380799,More females
174,65.8,3.364171573,11186,422,10763,1,9476,71.49,805,8.5,8646,91.24,6,0.06,19,0.2,13046,6949,11573,6915,4321,42804,1440,41327,1,25,11,42777,14,0,0,2,11,8188,7790,20080,22724,42804,11659,7726,268,99,160,45,184,78,55,79,12326,8027,20353,88.36472452,More females
175,69.3,52.95625569,14006,5963,7867,176,14482,83.87,8566,59.15,5882,40.62,18,0.12,15,0.11,20469,9462,16384,9355,4795,60465,32020,28340,2,24,79,60380,41,14,12,2,16,10868,10529,30916,29549,60465,16793,8449,1136,236,439,73,458,102,153,144,18979,9004,27983,104.6262141,More males
176,77.4,14.7224207,7690,4177,3390,1188,6668,77.17,1886,28.28,4678,70.16,89,1.33,15,0.23,10661,5006,9605,5159,1758,32189,4739,10735,7,16693,15,31969,25,10,69,17,99,4934,5314,16441,15748,32189,8976,4164,727,65,408,16,175,33,106,69,10392,4347,14739,104.4005588,More males
177,25.2,0.270557542,3825,835,2990,0,5345,69.83,2828,52.91,2331,43.61,185,3.46,1,0.02,5091,3110,6583,3720,2194,20698,56,20623,8,1,10,20585,22,0,11,2,78,3626,3555,9448,11250,20698,4823,4185,677,245,362,58,275,190,167,171,6304,4849,11153,83.98222222,More females
178,75.8,18.92964522,8359,754,7467,138,8111,81.59,1935,23.86,6173,76.11,1,0.01,2,0.02,10738,5897,9248,5033,2344,33260,6296,23653,0,3303,8,33235,12,6,5,0,2,4574,4726,16293,16967,33260,8742,5702,609,83,250,30,189,70,128,131,9918,6016,15934,96.02758296,More females
179,71.9,0.367111713,11790,545,11244,1,10607,83.78,1151,10.85,9452,89.14,1,0.01,0,0,16354,7705,13129,7662,3909,48759,179,46198,0,2379,3,48740,13,0,5,1,0,8823,8874,23352,25407,48759,13329,8283,287,69,138,9,222,39,42,39,14018,8439,22457,91.91167788,More females
180,42.7,0.28759244,5775,916,4858,1,5990,78.94,2920,48.75,3041,50.78,25,0.42,3,0.05,7514,3936,7327,4593,3404,26774,77,26653,3,1,40,26720,16,7,14,0,17,5466,5409,11675,15099,26774,5967,6056,448,232,339,81,294,104,124,108,7172,6581,13753,77.32300152,More females
181,37.2,3.627183565,4242,72,4162,1,3916,67.68,898,22.93,3018,77.07,0,0,0,0,5080,2529,5149,2950,1523,17231,625,16582,4,16,4,17204,9,2,5,0,11,3355,3163,8111,9120,17231,4271,3478,199,76,361,50,171,75,31,28,5033,3707,8740,88.93640351,More females
182,61.4,15.30231999,19026,3794,14764,486,16859,78.47,4457,26.44,11997,71.16,371,2.2,34,0.2,25723,13488,25535,12433,6011,83190,12730,52869,37,17400,154,82639,244,50,120,31,106,12110,13384,41654,41536,83190,17948,11610,2771,559,1372,135,3373,299,1006,719,26470,13322,39792,100.2840909,Balance
183,30.6,0.150891632,4369,319,4049,1,4438,75.53,2039,45.94,2399,54.06,0,0,0,0,6343,3272,5822,3689,2744,21870,33,21824,0,1,12,21840,2,1,3,2,22,4123,4120,9640,12230,21870,4588,5229,392,69,530,24,188,52,96,32,5794,5406,11200,78.82256746,More females
184,86.1,0.414599334,3770,1214,2556,0,3469,77,348,10.03,3121,89.97,0,0,0,0,5039,2233,4225,2436,780,14713,61,9578,2,5067,5,14692,15,0,6,0,0,2706,2571,7690,7023,14713,4437,1831,100,142,44,4,85,8,34,13,4700,1998,6698,109.4973658,More males
185,47.1,14.71783958,15211,3118,11870,161,14339,73.93,5395,37.62,8660,60.4,155,1.08,129,0.9,20117,10653,20526,11253,5586,68135,10028,57762,22,74,249,67721,94,11,55,7,247,10782,11850,33967,34168,68135,14919,9655,1823,580,1122,189,2276,406,1018,621,21158,11451,32609,99.41173027,More females
186,66.1,16.18007912,14598,2192,12388,18,13921,68.88,3342,24.01,10572,75.95,6,0.04,0,0,18544,9677,16468,9718,5500,59907,9693,50177,4,30,3,59842,23,2,20,6,14,11026,9754,30032,29875,59907,17079,9793,561,179,195,47,607,111,254,164,18696,10294,28990,100.525523,More males
187,40.9,2.505837288,30845,3951,26809,85,31008,69.77,8764,28.26,22077,71.19,157,0.53,0,0,35862,20196,41081,22055,11860,131054,3284,127038,97,115,520,129064,331,100,324,9,1226,20136,24284,65665,65389,131054,27036,14630,6611,1225,3241,922,3610,1217,2329,2141,42827,20135,62962,100.4220893,Balance
188,67,25.05102537,9301,3129,6031,141,8776,82.46,3446,39.27,5326,60.69,3,0.03,1,0.01,13469,6402,12055,6134,3096,41156,10310,20207,4,10632,3,41055,21,5,5,0,70,6715,6489,19728,21428,41156,10595,7062,696,172,408,33,249,45,63,75,12011,7387,19398,92.06645511,More females
189,7.3,5.975903614,,,,,0,0,0,0,0,0,0,0,0,0,374,312,701,442,246,2075,124,1929,8,2,12,1994,58,1,11,0,11,404,556,992,1083,2075,36,34,205,114,245,56,98,29,108,107,692,340,1032,91.59741459,More females
190,26.1,20.2769192,19629,3157,16098,14,18653,81.97,5958,31.94,12695,68.06,0,0,0,0,12765,8115,20183,14147,8202,63412,12858,50063,380,4,107,57417,1763,3058,553,0,621,14328,14757,31083,32329,63412,21030,11397,1459,119,281,33,206,72,197,107,23173,11728,34901,96.14587522,More females
191,13.5,19.05969567,,,,,0,0,0,0,0,0,0,0,0,0,1553,1523,3746,2324,1106,10252,1954,7705,37,121,435,8985,754,209,152,76,76,1523,2588,5144,5108,10252,813,361,1395,319,575,170,777,164,420,622,3980,1636,5616,100.7047768,More males
192,51.6,29.64167344,4473,1270,3203,0,3547,69.2,1009,28.45,2538,71.55,0,0,0,0,5537,2491,4124,2317,1522,15991,4740,11247,0,1,3,15959,3,1,2,0,26,2598,2803,7222,8769,15991,3686,3428,174,52,57,30,79,34,20,17,4016,3561,7577,82.35830767,More females
193,17.2,10.04294119,16676,2555,14092,29,15680,83.14,4544,28.98,11101,70.8,33,0.21,2,0.01,13799,7225,16625,9935,5279,52863,5309,45274,284,38,1958,48443,2620,597,948,0,255,10897,11494,25737,27126,52863,13910,8187,2339,215,639,52,293,110,202,184,17383,8748,26131,94.87945145,More females
194,11.9,13.24041812,,,,,0,0,0,0,0,0,0,0,0,0,2887,2044,5284,2576,985,13776,1824,10738,391,166,657,11525,444,584,1167,10,46,2408,3428,6968,6808,13776,405,163,2269,500,895,179,876,192,667,695,5112,1729,6841,102.3501763,More males
195,8.6,0.743421696,1635,167,1468,0,2090,61.69,521,24.93,1569,75.07,0,0,0,0,3252,1420,2780,1613,1158,10223,76,10139,1,4,3,9816,3,1,395,0,8,1905,2215,4574,5649,10223,1146,1973,1117,88,141,30,167,45,33,71,2604,2207,4811,80.9700832,More females
196,12.7,0.567332309,9205,803,8401,1,9959,75.86,1342,13.48,8612,86.47,0,0,5,0.05,14590,7733,14482,8005,4015,48825,277,47803,83,30,632,47570,102,710,250,5,188,7979,9055,24018,24807,48825,11763,7845,1932,544,593,206,623,203,240,314,15151,9112,24263,96.81944612,More females
197,25.6,4.844390705,10313,140,10173,,9716,88.68,990,10.19,8723,89.78,3,0.03,0,0,8308,5041,12228,8045,4422,38044,1843,36067,21,21,92,36269,1516,98,26,0,135,8424,8774,18900,19144,38044,11756,6482,1573,131,229,68,191,97,129,117,13878,6895,20773,98.72544923,More females
198,20.3,1.035417865,2416,216,2190,10,2395,65.06,641,26.77,1694,70.73,59,2.46,1,0.04,2903,1734,3605,2233,1694,12169,126,11961,31,3,48,11934,131,17,78,0,9,2740,2065,5073,7096,12169,682,1572,1949,195,300,51,185,100,176,372,3292,2290,5582,71.49098083,More females
199,21.5,33.24892166,7166,2584,4410,,7156,86.18,3435,48,3712,51.87,7,0.1,2,0.03,10175,5874,10987,6210,2689,35935,11948,22465,1104,11,407,21021,8556,3405,2705,4,244,6367,7831,15840,16134,31974,8619,5284,1829,312,465,150,242,131,224,229,11379,6106,17485,98.17776125,More females
200,12.6,1.794164038,4654,134,4517,3,4703,79.59,758,16.12,3941,83.8,3,0.06,1,0.02,5691,2740,5951,3238,2668,20288,364,19912,5,0,7,20107,27,8,24,0,122,6239,6995,17585,18350,35935,3054,3336,1983,157,734,47,216,77,140,152,6127,3769,9896,95.83106267,More females
201,19,10.96125876,11580,2250,9330,,13501,84.34,945,7,12556,93,0,0,0,0,15010,7845,16531,9296,4259,52941,5803,46070,201,94,773,34735,2256,3059,12016,0,875,10527,11355,26150,26791,52941,13367,7119,2655,240,478,131,455,230,222,324,17177,8044,25221,97.60740547,More females
202,17.1,1.31271767,14229,219,14009,1,11245,79.36,2031,18.06,9209,81.89,5,0.05,0,0,11781,7170,16770,10681,5856,52258,686,51393,33,10,136,50855,130,697,51,0,525,11441,11908,25730,26528,52258,15534,8469,1824,133,404,113,321,102,269,308,18352,9125,27477,96.99185766,More females
203,35.5,0.083343547,11095,12,11083,,10271,91.54,249,2.42,10022,97.58,0,0,0,0,12248,6067,12322,7099,3059,40795,34,40611,57,0,93,40442,86,104,91,0,72,7245,7470,19865,20930,40795,11352,7064,811,154,136,37,144,64,44,40,12487,7359,19846,94.91161013,More females
204,63.1,90.89646007,3447,2673,774,0,3132,63.47,2659,84.9,472,15.07,0,0,1,0.03,5632,2563,4431,2434,1494,16554,15047,1500,1,1,5,16548,3,1,1,0,1,2629,2636,8083,8471,16554,4636,2981,71,19,23,6,79,19,40,14,4849,3039,7888,95.4196671,More females
205,18.7,16.36437818,6516,1416,5033,22,6150,75.81,1524,24.78,4578,74.44,48,0.78,0,0,6785,3825,8616,5313,2422,26961,4412,21937,358,1,253,24896,156,850,498,0,561,5151,5697,13252,13709,26961,7333,4009,1076,96,260,42,228,80,156,137,9053,4364,13417,96.66642352,More females
206,30.7,0.368369352,6221,24,6197,,5842,87.68,362,6.2,5480,93.8,0,0,0,0,3388,2624,6626,4928,2794,20360,75,20204,15,13,53,20207,44,40,27,0,42,4775,4982,10003,10357,20360,6820,3699,562,42,253,25,127,43,59,70,7821,3879,11700,96.58202182,More females
207,23,19.8153111,7567,1865,5697,5,6886,81.6,1701,24.7,5182,75.25,1,0.02,2,0.03,7370,4332,9802,6297,3170,30971,6137,23038,1691,13,92,24512,2079,1989,1958,0,433,6429,6707,14968,16003,30971,9139,5677,986,67,191,43,154,56,93,113,10563,5956,16519,93.53246266,More females
208,55.9,66.91006078,10173,5123,5014,36,10200,84.27,3669,35.97,6528,64,0,0,3,0.03,13095,7159,14103,8027,3358,45742,30606,15003,10,23,100,45425,34,9,18,0,256,7559,8009,21675,24067,45742,12426,9595,752,87,241,26,226,86,246,178,13891,9972,23863,90.06107949,More females
209,47,48.76981797,7858,3623,4284,1,7981,77.55,5480,68.67,2495,31.26,1,0.01,5,0.06,11158,5339,8749,5232,3582,34060,16611,17428,0,10,11,33968,29,11,14,0,38,6225,6669,15610,18450,34060,7017,6199,460,162,376,99,444,181,354,263,8651,6904,15555,84.60704607,More females
210,63.8,71.13679601,5513,3426,2076,11,5572,66.82,3648,65.47,1646,29.54,2,0.04,276,4.95,9670,4481,7220,3930,2558,27859,19818,8020,5,2,14,27804,23,10,6,0,16,4501,4596,13319,14540,27859,6816,4852,178,20,375,17,144,55,49,35,7562,4979,12541,91.60247593,More females
211,30.8,46.36668183,5385,3005,2380,,5309,83.33,2949,55.55,2356,44.38,1,0.02,3,0.05,5833,3419,8166,4588,2173,24179,11211,12776,118,3,71,17937,3526,2208,306,0,202,5012,5191,11930,12249,24179,7240,3949,764,59,149,20,131,44,61,79,8345,4151,12496,97.39570577,More females
212,34.4,1.258220079,11169,60,1109,,10166,85.67,326,3.21,9839,96.78,0,0,1,0.01,13334,7039,14156,8055,3036,45620,574,44895,15,73,63,45386,47,34,57,17,79,7742,8032,22737,22883,45620,12111,7375,811,115,156,62,303,149,1253,61,14634,7762,22396,99.36197177,More females
213,27.9,0.223631245,9015,172,8843,,8350,84.48,2271,27.2,6079,72.8,0,0,0,0,11421,5386,11074,6337,3791,38009,85,32882,5,7,5030,37807,28,17,24,0,133,7277,7492,17728,20281,38009,9705,7724,635,93,246,62,220,133,192,98,10998,8110,19108,87.41186332,More females
214,35,1.30055475,16229,487,15738,4,13731,71.48,1534,11.17,12147,88.46,5,0.04,45,0.33,13160,6732,12870,7022,3659,43443,565,42759,28,14,77,42772,86,19,113,0,453,7364,7964,20120,23323,43443,10748,8759,1208,480,218,82,129,79,142,153,12445,9553,21998,86.26677529,More females
215,15.2,12.09335219,,,,,0,0,0,0,0,0,0,0,0,0,4143,3529,8403,3696,1439,21210,2565,17845,89,126,585,20317,274,121,293,16,189,2285,4588,10870,10331,21210,1826,1113,3164,1198,964,268,1453,334,505,646,7912,3559,11471,105.2173071,More males
216,15.3,1.727574751,2156,422,1707,27,2434,74.46,1612,66.23,638,26.21,183,7.52,1,0.04,2119,1567,3652,2009,1188,10535,182,10336,0,9,8,10481,11,3,5,0,35,1981,2223,5161,5374,10535,1965,1663,1251,398,207,50,299,58,41,73,3763,2242,6005,96.0364719,More females
217,20.8,0.049005881,7630,16,7614,,6892,82.19,208,3.01,6684,96.98,0,0,0,0,8384,4320,7940,5008,2916,28568,14,28538,1,0,15,28537,9,5,17,0,0,5309,5501,14173,14395,28568,8364,5072,319,68,140,31,113,66,25,16,8961,5253,14214,98.45779785,More females
218,19.6,11.13302701,14073,1618,12443,12,12765,78.72,2631,20.61,10133,79.38,1,0.01,0,0,9892,6208,13554,9560,5401,44615,4967,38911,411,4,322,43295,77,685,23,1,534,9094,9829,22091,22524,44615,13571,7800,1530,157,298,66,231,84,239,173,15869,8280,24149,98.07760611,More females
219,12.1,2.892736486,,,,,0,0,0,0,0,0,0,0,0,0,1774,1535,3139,1956,1068,9472,274,8705,26,6,461,9179,123,72,86,0,12,1705,2281,4741,4731,9472,1599,1026,939,201,417,96,259,121,179,229,3393,1673,5066,100.2113718,Balance
220,60,83.17911891,2924,1790,1133,1,3956,72.76,3417,86.37,536,13.55,2,0.05,1,0.03,4726,2308,3534,2272,1642,14482,12046,2424,4,2,6,14471,4,0,7,0,0,2519,2715,6708,7774,14482,3553,2762,102,13,49,18,92,36,24,57,3820,2886,6706,86.28762542,More females
221,46.4,65.83387745,7267,4156,3037,74,6759,74.7,3154,46.66,3497,51.74,108,1.6,0,0,7755,4580,9257,5258,2249,29099,19157,9853,4,19,66,28960,64,7,51,0,17,5675,5799,13898,15201,29099,8183,5791,527,74,264,54,164,82,90,81,9228,6082,15310,91.42819551,More females
222,37.1,0.145125243,8686,54,8632,,8575,90.56,136,1.59,8439,98.41,0,0,0,0,10337,5123,10095,5957,2941,34453,50,34311,17,3,72,34333,48,16,52,0,4,5835,6218,16832,17621,34453,8826,5616,1160,183,346,57,179,57,53,73,10564,5986,16550,95.52238806,More females
223,26.8,5.173426317,16339,520,15819,,15690,83.94,1320,8.41,14369,91.58,1,0.01,0,0,11642,7521,17909,11788,5630,54490,2819,51573,17,2,79,53207,777,120,96,0,290,11335,11726,26587,27903,54490,17729,10500,1062,65,288,43,162,84,118,147,19359,10839,30198,95.28366126,More females
224,17.3,1.890547264,,,,,0,0,0,0,0,0,0,0,0,0,1282,1082,2315,1557,799,7035,133,6683,9,6,204,6794,132,24,33,4,48,1217,1648,3511,3524,7035,1266,703,688,128,227,73,200,97,206,207,2587,1208,3795,99.63110102,Balance
225,23.1,0.344259841,4591,773,3770,49,4260,69.84,2206,51.78,1929,45.28,123,2.89,2,0.05,4557,2748,5315,4190,3233,20043,69,19960,2,4,8,19246,21,3,17,0,756,5391,5815,9000,11043,20043,4327,4191,769,92,468,83,318,108,135,319,6017,4793,10810,81.4995925,More females
226,26.3,6.454833993,6821,453,6363,5,5638,82.39,805,14.28,4822,85.53,11,0.19,0,0,7123,3815,8685,5383,3035,28041,1810,25661,322,9,239,24501,1957,985,348,0,250,5827,6183,13918,14123,28041,8074,4614,886,117,206,30,148,83,164,74,9478,4918,14396,98.54846704,More females
227,17.2,5.509091525,8157,453,7704,0,7471,88.06,919,12.3,6552,87.7,0,0,0,0,7553,4311,9011,5655,3003,29533,1627,27779,14,2,111,29294,31,38,32,0,138,5536,5951,14438,15095,29533,8766,5421,775,48,123,25,138,41,39,52,9841,5587,15428,95.64756542,More females
228,28.2,21.19231375,11170,3138,7960,43,10461,79.17,3880,37.09,6113,58.44,465,4.44,3,0.03,15003,7628,15977,8618,3566,50792,10764,37114,1757,19,1138,39774,3673,3263,3566,0,516,8995,10542,25296,25496,50792,12164,6994,3129,361,552,101,311,140,182,250,16338,7846,24184,99.21556323,More females
229,22.1,24.38181539,10094,600,9492,2,12945,83.22,3466,26.77,9462,73.09,11,0.09,6,0.05,13503,7510,16489,9908,4678,52088,12700,39012,72,81,223,50053,1413,139,229,7,247,9852,10365,25562,26526,52088,14226,8815,1598,201,372,58,267,103,835,183,17298,9360,26658,96.36582975,More females
230,10.5,24.18207681,,,,,0,0,0,0,0,0,0,0,0,0,681,795,1424,879,439,4218,1020,2905,32,13,248,3759,231,75,97,4,52,760,1031,2061,2157,4218,150,103,625,122,274,120,227,102,271,231,1547,678,2225,95.54937413,More females
231,38.4,0.597014925,1779,113,1665,1,1643,50.35,555,33.78,1087,66.16,1,0.06,0,0,2348,1175,2206,1550,1431,8710,52,8655,1,0,2,8701,3,2,4,0,0,2455,2293,3667,5043,8710,1332,2105,679,66,89,40,98,42,49,50,2247,2303,4550,72.71465398,More females
232,34.5,0.323839575,9762,5,9757,,8496,86.86,300,3.53,8194,96.45,2,0.02,0,0,10077,5173,11264,6558,3057,36129,117,35945,6,2,59,35989,31,17,60,0,32,6430,6844,17486,18643,36129,10444,6546,614,64,161,48,146,67,80,97,11445,6822,18267,93.79391729,More females
233,22.4,26.98532437,5961,831,4905,225,7163,88.26,3096,43.22,3641,50.83,184,2.57,242,3.38,7081,4178,9201,5487,3217,29164,7870,20373,199,28,694,25645,2736,539,118,6,120,6191,6605,14222,14942,29164,8038,4875,805,74,623,53,175,70,95,80,9736,5152,14888,95.18136796,More females
234,44.3,47.70035803,10140,3342,6784,14,10134,83.78,4068,40.14,6056,59.76,9,0.09,1,0.01,15103,7002,13809,7061,4228,47203,22516,24592,16,6,73,46885,76,24,42,0,176,8043,8519,22872,24331,47203,11882,8149,954,142,741,75,342,175,258,211,14177,8752,22929,94.00353459,More females
235,25.8,35.55529033,14604,4552,9512,540,14206,68.38,7180,50.54,6522,45.91,458,3.23,46,0.32,8578,4582,10597,6505,3252,33514,11916,19580,1813,21,184,19573,370,6322,6790,0,459,6626,8006,16585,16929,33514,8492,4346,1779,346,483,63,206,67,352,339,11312,5161,16473,97.96798393,More females
236,10.8,14.58710365,,,,,0,0,0,0,0,0,0,0,0,0,6614,5944,15712,8425,3642,40337,5884,30330,1049,437,2637,26382,1176,2839,9731,79,130,5044,10715,20022,20315,40337,862,205,6805,2222,2787,893,3101,727,1748,2359,15303,6406,21709,98.55771597,More females
237,49.7,47.71728806,7786,2800,4343,2,9807,86.79,7156,72.97,2643,26.95013766,0,0,8,0.08,10332,5269,9535,5205,3347,33688,16075,17530,8,64,11,33541,28,53,15,2,49,5515,6121,16161,17527,33688,8181,6274,608,77,253,64,666,109,115,113,9823,6637,16460,92.20631026,More females
238,36.1,52.22091833,8099,4161,3932,6,7392,74.62,3334,45.1,4045,54.72,4,0.06,9,0.12,11266,6287,12537,7068,2893,40051,20915,17742,994,29,371,32121,3274,1791,1642,0,1223,7074,7604,19523,20528,40051,9916,5844,1689,206,395,84,314,154,366,496,12680,6784,19464,95.10424786,More females
239,59.7,16.36639676,4450,417,4033,0,4970,88.47,3742,75.29,1226,24.67,1,2,1,0.02,6664,2773,5193,3034,2096,19760,3234,16519,1,0,6,19742,11,2,5,0,0,3621,3790,9106,10654,19760,4809,4058,152,21,82,21,87,40,41,37,5171,4177,9348,85.47024592,More females
240,48.2,49.7504261,9928,3173,6582,173,9542,80.84,2756,28.88,6781,71.07,0,0,5,0.05,8338,4597,10919,6121,2881,32856,16346,16407,2,33,68,32640,57,8,21,0,130,6565,6636,15888,16968,32856,9837,6322,601,47,240,18,135,38,88,88,10901,6513,17414,93.63507779,More females
241,14.7,17.37716763,,,,,0,0,0,0,0,0,0,0,0,0,981,883,1945,1160,567,5536,962,4462,8,21,83,5350,90,14,47,0,35,960,1256,2882,2654,5536,529,233,746,112,137,40,444,83,217,149,2073,617,2690,108.5908063,More males
242,50.2,0.280654861,4250,2,4248,0,4002,83.69,171,4.27,3831,95.73,0,0,0,0,3487,1917,4922,3097,1542,14965,42,14875,19,4,25,14694,41,6,2,0,222,2919,3010,6999,7966,14965,4706,3192,127,11,45,13,80,33,33,30,4991,3279,8270,87.86090886,More females
243,31.2,24.6,13337,1931,11406,0,13383,82.22,3554,26.56,9826,73.42,1,0.01,2,0.01,13325,7523,17248,10501,4323,52920,13028,39008,728,24,59,28387,7,114,2,4,25,10341,10786,26108,26812,52920,15373,9478,2086,133,302,49,201,93,136,124,18098,9877,27975,97.37431001,More females
244,13.4,12.14035088,,,,,0,0,0,0,0,0,0,0,0,0,1248,1338,2512,1372,655,7125,865,5799,78,114,269,6246,291,293,233,24,38,1108,1681,3651,3474,7125,410,153,989,291,272,98,689,152,352,338,2712,1032,3744,105.0949914,More males
245,26.4,0.045407762,8430,9,8421,,7641,85.94,103,1.35,7538,98.65,0,0,0,0,10124,4644,9020,5872,3374,33034,15,32983,2,0,34,32930,18,3,58,0,25,5983,6422,16154,16880,33034,9354,5525,516,75,128,25,109,72,31,39,10138,5736,15874,95.69905213,More females
246,9.3,0.140161965,8860,711,8146,3,9513,75.1,3846,40.43,5664,59.54,2,0.02,1,0.01,14025,7160,11894,7819,4050,44948,63,44753,18,2,112,44669,21,134,48,0,76,7288,8548,21611,23337,44948,11299,8447,1188,100,282,65,237,138,84,134,13090,8884,21974,92.60401937,More females
247,37.3,0.267159885,3433,594,2839,0,2828,66.86,1594,56.36,1186,41.94,48,1.7,0,0,4535,2125,4113,2466,1359,14598,39,14539,9,1,10,14431,22,6,76,1,62,2501,2702,6794,7804,14598,3234,2464,386,151,186,36,173,69,98,215,4077,2935,7012,87.05791902,More females
248,38,0.274456726,7502,6,7496,,6645,85.03,258,3.88,6386,96.1,1,0.02,0,0,7868,3912,8301,4305,2212,26598,73,26445,15,3,62,26326,70,22,79,0,101,4268,4583,13110,13488,26598,7192,4983,870,206,205,39,120,79,106,162,8493,5469,13962,97.1975089,More females
249,57.3,0.230083405,3245,79,3166,0,3611,80.44,2441,67.6,1170,32.4,0,0,0,0,3079,1682,2846,1616,1208,10431,24,10405,0,0,2,10430,1,0,0,0,0,2043,2122,4877,5554,10431,2548,2123,192,42,156,17,74,19,40,32,3010,2233,5243,87.81058696,More females
250,17.9,2.44140625,,,,,0,0,0,0,0,0,0,0,0,0,725,610,768,690,279,3072,75,2979,1,2,15,3027,22,4,10,0,9,439,756,1352,1720,3072,16,2,287,439,159,61,104,55,241,192,807,749,1556,78.60465116,More females
251,30.9,2.252514944,10717,693,10025,0,9865,84.96,1685,17.08,8179,82.91,0,0,1,0.01,5597,3538,8901,5758,3642,27436,618,26718,18,15,67,26764,395,128,87,0,62,5846,6364,13342,14094,27436,8732,5181,698,87,257,35,107,54,44,35,9838,5392,15230,94.6643962,More females
252,16.3,13.00045809,,,,,0,0,0,0,0,0,0,0,0,0,2190,1642,4260,2024,799,10915,1419,9049,38,123,286,10277,212,156,184,41,45,1417,2828,5542,5373,10915,402,189,1965,438,715,159,632,119,336,391,4050,1296,5346,103.1453564,More males
253,34.7,44.27617901,9364,3473,5888,3,9338,78.57,4638,49.67,4688,50.2,8,0.09,4,0.04,13571,6604,14085,8203,3232,45695,20232,24294,871,5,293,39573,770,2698,1800,0,854,8032,8931,22572,23123,45695,11674,6616,1937,174,419,78,251,110,293,214,14574,7192,21766,97.61709121,More females
254,65.5,53.13666019,10207,4615,5584,8,9411,76.3,4140,43.99,5269,55.99,1,0.01,1,0.01,15933,7014,12836,6993,3053,45829,24352,21470,0,3,4,45806,18,0,1,0,4,7051,7134,22046,23783,45829,12317,8373,276,35,91,33,150,69,44,35,12878,8545,21423,92.69646386,More females
255,16,1.183149406,8374,1521,6652,201,7596,74.35,3845,50.62,3374,44.42,376,4.95,1,0.01,4727,2548,5525,3591,2457,18848,223,18581,3,21,20,18718,60,10,27,0,33,4722,4904,8633,10215,18848,2800,2853,1364,334,923,164,248,105,386,380,5721,3836,9557,84.51297112,More females
256,8.2,6.126249147,,,,,0,0,0,0,0,0,0,0,0,0,2768,2492,5998,3455,1398,16111,987,14833,57,65,169,15488,123,50,157,44,249,1791,3585,8079,8032,16111,385,269,1743,577,2241,427,964,270,653,874,5986,2417,8403,100.5851594,More males
257,35.5,0.084053098,10544,22,10522,,9725,87.46,1018,10.47,8704,89.5,3,0.03,0,0,7999,5126,11038,7109,3230,34502,29,34450,2,1,20,34374,22,4,10,0,92,6505,6817,16976,17526,34502,11213,6413,467,47,117,29,138,71,58,53,11993,6613,18606,96.86180532,More females
258,64.3,74.29024716,2055,769,1286,0,3350,93.6,2.832,84.54,518,15.46,0,0,0,0,4173,1760,2962,1850,1231,11976,8897,3077,0,1,1,11967,2,1,2,0,4,2026,2099,5485,6491,11976,2834,2525,102,25,33,21,61,20,11,10,3041,2601,5642,84.50161762,More females
259,22.7,4.270418327,6006,685,5320,1,5717,82.9,1762,30.82,3946,69.02,8,0.14,1,0.02,5530,3427,7791,4919,2429,24096,1029,22323,236,6,502,20614,319,512,1920,1,730,4600,5548,11804,12292,24096,5460,2826,2154,229,339,65,153,65,198,152,8304,3337,11641,96.02993817,More females
260,22.6,0.052471633,14904,380,14524,0,13165,81.9,1983,15.06,11182,84.94,0,0,0,0,13381,6913,13579,8048,3818,45739,24,45655,6,0,54,45540,30,13,33,0,123,7617,8547,22407,23332,45739,13357,7928,629,121,142,27,117,59,65,70,14310,8205,22515,96.03548774,More females
261,12.3,4.852176293,,,,,0,0,0,0,0,0,0,0,0,0,2826,2435,5023,2874,1454,14612,709,13110,45,219,529,13883,203,124,270,85,47,1770,3231,7496,7116,14612,919,548,1728,684,711,231,1456,273,688,805,5502,2541,8043,105.3400787,More males
262,36.7,0.209620168,10424,5,10419,,9278,92.21,274,2.95,9004,97.05,0,0,0,0,9086,5294,11381,6714,3304,35779,75,35634,21,5,44,35223,34,16,42,0,464,6598,7043,17241,18538,35779,10331,6767,967,128,166,48,170,90,144,175,11778,7208,18986,93.00356025,More females
263,18.8,13.5735822,11760,2670,8999,51,11858,81.91,3134,26.43,8716,73.5,8,0.07,0,0,8143,4550,10920,7266,3946,34825,4727,27034,2323,10,731,26436,453,1366,5966,0,604,8193,8755,17156,17669,34825,9837,5219,1423,107,419,50,203,91,197,209,12079,5676,17755,97.09660988,More females
264,10.9,15.67799804,,,,,0,0,0,0,0,0,0,0,0,0,2686,1982,4904,2555,1140,13267,2080,9544,775,89,779,8802,253,964,3143,55,50,2379,3468,6551,6716,13267,576,175,1754,502,1164,217,694,182,528,631,4716,1707,6423,97.54318046,More females
265,27.3,25.21710257,11309,2911,8383,15,10451,84.07,3370,32.25,7044,67.4,37,0.35,0,0,12052,5646,12297,6626,2531,39152,9873,28798,174,4,303,32830,128,3298,2559,3,334,7003,7571,19176,19976,39152,10584,5873,1017,53,223,24,173,67,261,275,12258,6292,18550,95.99519423,More females
266,14.4,3.802102891,,,,,0,0,0,0,0,0,0,0,0,0,2537,1539,3600,2008,968,10652,405,9664,263,67,253,8560,229,1118,643,7,95,1829,2390,5404,5248,10652,1467,797,1351,201,340,87,469,103,186,228,3813,1416,5229,102.972561,More males
267,54.4,72.37448151,8467,3658,4795,14,7990,81.92,5122,64.11,2792,34.94,0,0,76,0.95,13136,6103,11626,5841,2591,39297,28441,10825,2,16,13,39090,11,8,2,0,186,6086,6229,18714,20583,39297,10641,7613,244,94,101,22,128,53,77,61,11191,7843,19034,90.91969101,More females
268,25.3,16.59507778,3913,733,3179,1,3888,83.97,1783,45.86,2104,54.11,0,0,1,0.03,5303,2474,5002,2615,1834,17228,2859,14317,10,7,35,17054,21,12,20,0,121,2963,3372,8160,9068,17228,2808,2904,1403,154,587,44,99,67,107,97,5004,3266,8270,89.98676665,More females
269,61.6,79.94976203,8045,4134,3901,1,7837,78.97,3575,45.62,4257,54.32,0,0,5,0.06,12033,5707,11750,5973,2357,37820,30237,7571,0,12,0,37505,24,2,5,0,284,6439,6546,17833,19987,37820,10365,7492,260,20,122,22,127,60,90,114,10964,7708,18672,89.22299495,More females
270,21.9,49.38038055,11117,6431,4505,181,10824,78.32,7402,68.38,3400,31.41,17,0.16,5,0.05,9828,4676,11450,7377,3143,36474,18011,14622,1670,10,2161,24224,2115,4414,4946,0,775,8190,8645,17928,18546,36474,10459,5749,1058,64,302,31,214,94,43,149,12076,6087,18163,96.66774507,More females
271,9.7,20.15282637,,,,,0,0,0,0,0,0,0,0,0,0,2317,1617,3524,2263,1141,10862,2189,8073,162,20,418,7417,198,616,2596,3,32,2125,3021,5104,5758,10862,766,446,1404,339,525,150,287,115,553,926,3535,1976,5511,88.64188954,More females
272,23.4,1.3434089,18153,112,18040,0,15727,88.64,582,3.7,15145,96.3,0,0,0,0,17174,9415,21259,11378,5088,64314,864,62538,77,69,766,63007,335,107,247,1,617,11460,12662,32132,32182,64314,15405,8896,3413,759,920,134,538,346,1616,1182,21892,11317,33209,99.84463365,Balance
273,6.5,7.15536612,55221,5051,50065,87,39449,59.89,9606,24.35,29712,75.32,107,0.27,24,0.06,28146,25935,85667,34724,11109,185581,13279,157897,2064,1239,11102,171330,4336,2210,6287,240,1178,12669,44231,92105,93476,185581,2065,780,29060,11955,15004,6328,13922,6144,10526,14285,70577,39492,110069,98.53331336,More females
274,30.8,0.067651152,13296,14,13282,0,12469,86.69,220,1.76,12249,98.24,0,0,0,0,15684,8072,15104,8923,3953,51736,35,51670,2,0,29,51627,41,9,42,0,17,8689,8932,24949,26787,51736,13896,9473,1257,113,245,54,151,109,33,25,15582,9774,25356,93.13846269,More females
275,21.2,6.284743224,8756,360,8374,22,9048,88.57,1079,11.93,7966,88.04,2,0.02,1,0.01,7962,4534,10688,6889,4646,34719,2182,31534,443,55,505,29892,936,720,1859,0,1312,8124,8437,17146,17573,34719,9538,5610,1877,197,294,84,272,108,312,314,12293,6313,18606,97.570136,More females
276,10.9,77.69615747,51754,39683,10968,510,43563,57.89,31957,73.36,9733,22.34,387,0.89,1486,3.41,38386,31636,112689,44184,11880,238775,185519,36476,3186,3501,10093,200914,14047,5792,10471,956,6595,22983,59720,129282,109493,238775,1447,290,36184,9985,21007,4670,24910,8528,18928,15691,102476,39164,141640,118.0733015,More males
277,12.4,50.74471456,,,,,0,0,0,0,0,0,0,0,0,0,4455,3360,7441,4594,2239,22089,11209,6934,3143,140,663,11040,998,1746,7872,49,384,3548,5795,10920,11169,22089,1478,566,2794,719,1400,345,1054,348,1292,1302,8018,3280,11298,97.7706151,More females
278,9.1,45.31238869,,,,,0,0,0,0,0,0,0,0,0,0,5807,4238,11471,4730,1828,28074,12721,13366,1066,180,741,17406,1227,802,8269,44,326,3637,6644,14637,13437,28074,940,334,3954,860,2035,411,2146,548,1680,1451,10755,3604,14359,108.9305649,More males
279,56,76.0373826,11252,8057,3178,17,11310,55.28,6705,59.28,4592,40.6,9,0.08,4,0.04,19897,9632,17321,11236,7078,65164,49549,651,33,11098,3833,46433,217,120,97,5108,13189,10924,12752,32636,32528,65164,10137,5832,4483,443,2388,70,2325,262,1330,934,20663,7541,28204,100.3320216,Balance
280,57.5,99.5007633,3868,3654,214,0,4620,70.33,4617,99.94,0,0,0,0,3,0.06,7959,4010,6587,3480,2201,24237,24116,49,0,72,0,24133,40,0,0,63,1,3919,3923,11408,12829,24237,5508,4658,411,40,62,2,629,19,17,9,6627,4728,11355,88.92353262,More females
281,70.7,70.15323965,2896,2523,371,2,2943,87.02,2941,99.93,2,0.07,0,0,0,0,5000,2719,4885,1981,1142,15727,11033,95,3,4595,1,13652,19,10,7,15,2024,2503,2583,8271,7456,15727,3900,1767,190,15,81,3,951,16,65,27,5187,1828,7015,110.930794,More males
282,44.4,96.73838048,3508,2357,1150,1,3306,77.01,2463,74.5,799,24.17,1,0.03,43,1.3,4783,2440,4642,2528,1550,15943,15423,158,1,264,97,14611,32,32,20,45,1203,2823,2996,8260,7683,15943,3818,1907,453,36,266,4,586,28,210,57,5333,2032,7365,107.5100872,More males
283,69.3,54.53769316,2276,1893,375,8,2396,82.82,2396,100,0,0,0,0,0,0,3955,1825,3276,1798,859,11713,6388,91,0,5208,26,6151,56,0,1,43,5462,2221,2309,5957,5756,11713,3049,975,142,8,98,3,354,13,6,29,3649,1028,4677,103.4920083,More males
284,79.6,32.73459842,13307,11561,1746,0,12033,57.74,9426,78.33,2310,19.2,2,0.02,295,2.45,23528,12118,16811,11141,7385,70983,23236,193,7,47543,4,24884,69,17,20,37645,8348,11970,12240,33791,37192,70983,14835,4867,1909,176,672,12,687,88,1012,299,19115,5442,24557,90.85556034,More females
285,63.3,53.87934611,4300,4298,2,0,2254,49.97,2239,99.34,1,0.04,0,0,14,0.62,4499,1566,2745,1850,1391,12051,6493,25,0,5532,1,10131,4,0,2,1902,12,2888,2852,4935,7116,12051,889,1397,701,21,105,2,384,11,352,40,2431,1471,3902,69.35075885,More females
286,89.5,33.98508299,17302,16915,376,11,17114,79.1,17111,99.98,3,0.02,0,0,0,0,32258,15902,23509,12571,6797,91037,30939,2247,0,57851,0,32343,23,6,0,53083,5582,13809,13857,45842,45195,91037,23890,11039,793,73,350,8,411,41,363,117,25807,11278,37085,101.4315743,More males
287,93.3,1.613930771,2030,2009,21,0,2161,51.69,2160,99.95,1,0.05,0,0,0,0,5458,2065,3354,2137,1113,14127,228,22,0,13877,0,7484,1,0,0,6630,12,2648,2639,6206,7921,14127,2405,1155,260,6,53,0,229,1,6,7,2953,1169,4122,78.34869335,More females
288,67.4,41.15733922,2934,2621,312,1,2820,63.24,2820,100,0,0,0,0,0,0,5358,2193,4346,2588,1811,16296,6707,405,4,9177,3,10082,13,13,20,4181,1987,3752,3628,7865,8431,16296,2292,1052,929,13,225,2,959,14,317,84,4722,1165,5887,93.28668011,More females
289,79.2,30.42613115,6378,6068,310,0,5412,56.56,4785,88.42,319,5.89,0,0,308,5.69,11156,5017,8091,4896,3506,32666,9939,90,1,22636,0,9912,20,27,7,14845,7855,5757,5932,14855,17811,32666,6453,2690,724,18,392,3,411,34,334,72,8314,2817,11131,83.40351468,More females
290,73.1,37.86857479,10798,10445,347,6,11329,79.47,11253,99.33,44,0.39,2,0.02,30,0.26,19279,9649,16887,7915,4128,57858,21910,3025,61,32411,451,24594,248,106,63,23845,9002,10114,10186,28704,27055,55759,12371,3934,1521,186,790,28,1787,132,1219,219,17688,4499,22187,106.0949917,More males
291,74.5,92.98720894,11089,4523,6566,0,11126,76.01,10354,93.06,748,6.72,0,0,24,0.22,21395,8776,17060,7628,3463,58322,54232,14,1,4072,3,54291,11,0,2,3195,823,8791,8774,28228,30094,58322,15002,9972,468,54,129,6,270,26,50,42,15919,10100,26019,93.79942846,More females
292,94.5,5.607251725,2516,2411,105,0,2628,88.48,2628,100,0,0,0,0,0,0,4298,2274,3067,1793,1034,12466,699,35,0,11731,1,732,3,0,2,11624,105,1803,1865,6470,5996,12466,3223,875,110,6,84,1,97,6,172,6,3686,894,4580,107.9052702,More males
293,61.9,92.55403654,4601,2611,1984,3,5082,77.07,3203,63.03,1716,33.76,3,0.06,160,3.15,7371,4203,6614,3614,2117,23919,22138,88,34,1648,11,22992,37,62,3,92,733,4425,4582,12614,11305,23919,6481,2648,659,35,345,8,528,33,160,38,8173,2762,10935,111.5789474,More males
294,72,50.14174013,6131,4161,1668,0,5943,59.36,3940,66.29,1976,33.25,4,0.07,23,0.39,10394,5557,7493,4929,3728,32101,16096,142,7,15853,3,21350,20,16,13,10064,638,5583,6181,15116,16985,32101,7206,3176,595,24,257,6,454,24,237,68,8749,3298,12047,88.99617309,More females
295,76.5,81.24213441,5858,4466,1391,1,5668,69.53,5188,91.53,464,8.19,2,0.03,14,0.25,9918,5747,9028,4703,2388,31784,25822,106,7,5835,14,25058,43,11,8,34,6630,5547,5838,16241,15543,31784,8002,3527,760,100,256,15,519,42,441,118,9978,3802,13780,104.4907675,More males
296,75.8,98.42364532,4201,2517,1683,1,4731,89.33,4251,89.85,480,10.15,0,0,0,0,6091,3948,5603,2926,1732,20300,19980,46,3,265,6,19912,8,4,11,0,365,3194,3251,10522,9778,20300,5866,3104,421,16,96,5,225,19,56,34,6664,3178,9842,107.608918,More males
297,74.5,98.63317872,6750,3960,2790,0,8325,77.62,8032,96.48,292,3.51,0,0,1,0.01,13514,7104,9981,5379,4554,40532,39978,87,0,448,19,40042,15,13,22,10,430,6104,6092,20000,20532,40532,10522,6600,402,21,117,9,642,31,103,33,11786,6694,18480,97.40892266,More females
298,67.8,93.82265592,4864,4193,671,0,4626,67.4,4479,96.82,125,2.7,21,0.46,1,0.02,7718,3925,5651,3628,2648,23570,22114,21,0,1435,0,20593,9,0,1,1335,1632,3844,3943,11678,11892,23570,6010,3205,498,30,147,2,202,29,83,106,6940,3372,10312,98.2004709,More females
299,64.1,96.93510393,14798,7931,6869,7,14989,67.53,13764,91.83,1160,7.74,29,0.19,36,0.24,25883,11664,23033,11878,4804,77262,74894,279,29,1963,97,74847,151,29,82,9,2144,12160,12490,38405,38857,77262,16896,9973,3793,817,1154,37,665,139,617,368,23125,11334,34459,98.83676043,More females
300,55.1,93.18565675,3081,1921,1157,3,3166,84.07,3166,100,0,0,0,0,0,0,4741,2753,4296,2235,1369,15394,14345,154,1,892,2,15038,28,8,8,8,304,2604,2862,7967,7427,15394,3790,1803,270,18,73,2,764,36,47,18,4944,1877,6821,107.2707688,More males
301,72.3,93.57487368,4001,2162,1838,1,3720,76.76,3489,93.79,8,0.22,0,0,223,5.99,6424,2375,4901,2478,1238,17416,16297,28,0,1091,0,16296,19,1,1,4,1095,3061,3031,7991,9425,17416,3543,2995,362,37,96,5,185,28,179,94,4365,3159,7524,84.78514589,More females
302,81.8,81.70662639,3062,2088,974,0,3223,70.16,2886,89.54,336,10.43,0,0,1,0.03,5217,2075,4685,2550,1364,15891,12984,59,0,2848,0,12954,3,2,2,119,2811,2493,2583,8369,7522,15891,5010,2020,67,1,19,1,296,7,3,2,5395,2031,7426,111.2603031,More males
303,73,54.83845915,2076,1931,145,0,2489,90.08,2479,99.6,4,0.16,0,0,6,0.24,4161,2070,3552,2031,1062,12876,7061,204,8,5600,3,9940,69,79,11,127,2650,2370,2524,6926,5950,12876,3566,663,266,11,129,2,315,11,104,26,4380,713,5093,116.4033613,More males
304,83.9,34.10363963,7680,6460,1220,0,8143,82.26,6420,78.84,4,0.05,7,0.09,1712,21.02,12947,6578,10202,5590,3066,38383,13090,392,3,24894,4,13104,18,17,11,24385,848,5662,5782,19250,19133,38383,9874,3272,527,33,365,7,362,39,81,75,11209,3426,14635,100.6115089,More males
305,68,85.75878546,6785,5914,860,11,7103,74.53,7061,99.41,41,0.58,1,0.01,0,0,10585,5478,8092,5182,3729,33066,28357,170,0,4524,15,28287,44,29,4,847,3855,5838,5983,16478,16588,33066,7003,3914,898,51,348,7,813,62,863,345,9925,4379,14304,99.33687003,More females
306,78.9,76.30595314,4218,3725,492,1,4838,85.39,2426,50.14,2373,49.05,1,0.02,38,0.79,6805,3838,6224,3356,1715,21938,16740,149,4,5044,1,16197,17,79,13,68,5564,3480,3570,11409,10529,21938,6517,2812,322,24,115,0,306,29,8,3,7268,2868,10136,108.3578687,More males
307,69.3,96.58984177,10766,8432,2328,6,11804,77.32,11143,94.4,573,4.85,13,0.11,75,0.64,17725,8011,16149,8746,4733,55364,53476,225,1,1654,8,53644,121,18,11,49,1521,9505,9579,26798,28566,55364,5050,2655,83,2,22,0,128,6,12,4,5295,2667,7962,93.81082406,More females
308,92.7,15.65351418,3705,3461,243,1,3597,88.4,1991,55.35,1589,44.18,0,0,17,0.47,5396,2686,4504,2587,1047,16220,2539,123,0,13558,0,2553,4,1,0,13558,104,2146,2124,8118,8102,16220,4542,755,42,3,31,1,103,4,14,3,4732,766,5498,100.1974821,Balance
309,73.4,98.7214292,5407,3259,1789,6,5055,84.66,5054,99.98,0,0,0,0,1,0.02,7666,3287,6851,3412,1622,22838,22546,24,0,267,1,22535,9,5,7,0,282,3729,3758,11097,11741,22838,5935,3937,222,28,176,6,232,11,82,52,6647,4034,10681,94.51494762,More females
310,77.6,72.62540021,3451,2592,859,0,3813,75.01,3813,100,0,0,0,0,0,0,6421,3144,4612,2731,1832,18740,13610,10,0,5119,1,17015,7,1,3,1581,133,3209,3237,9142,9598,18740,5050,2655,83,2,22,0,128,6,12,4,5295,2667,7962,95.24901021,More females
311,80.4,53.38587997,9499,6842,2657,0,9319,80.07,9201,98.73,118,1.27,0,0,0,0,15148,7244,11547,6426,4040,44405,23706,49,0,20646,4,23722,19,6,5,17305,3348,6834,7086,22167,22238,44405,11637,4484,668,115,253,8,301,24,58,32,12917,4663,17580,99.68072668,Balance
312,61,77.77264112,4615,3262,1352,1,4763,65.8,4681,98.28,82,1.72,0,0,0,0,7129,3169,5318,3414,2601,21631,16823,62,1,4737,8,16195,10,14,3,1841,3568,3905,4105,10320,11311,21631,4681,3203,705,21,212,2,469,30,201,58,6268,3314,9582,91.23861728,More females
313,61.5,84.97797357,8873,5055,3815,3,9649,57.54,4856,50.33,4780,49.54,2,0.02,11,0.11,16982,8568,14099,8780,6051,54480,46296,216,17,7929,22,46419,88,43,20,1114,6796,9522,10078,27996,26484,54480,12689,4950,2806,211,1059,12,764,81,452,192,17770,5446,23216,105.7091074,More males
314,80.4,58.92297415,4004,3955,49,0,4077,83.84,4076,99.98,1,0.02,0,0,0,0,6525,3418,5399,2760,1359,19461,11467,57,2,7814,121,11509,20,5,2,40,7885,3583,3672,9736,9725,19461,4985,1871,335,18,92,6,247,26,185,74,5844,1995,7839,100.1131105,Balance
315,77.4,22.22125926,8594,7794,799,1,8005,64.16,5656,70.66,2295,28.67,0,0,54,0.67,15065,6811,12879,7433,3966,46154,10256,3432,14,32429,23,16563,66,79,33,19500,9913,7815,8012,22905,23249,46154,8417,2198,2038,204,788,28,1485,84,1103,329,13831,2843,16674,98.52036647,More females
316,59.7,55.12760441,22222,14641,7549,32,22070,64.27,16943,76.76,4223,19.13,861,3.9,43,0.19,36031,21034,40274,20195,10518,128052,70592,3720,102,50845,2793,76586,1047,574,409,25132,24304,18643,22372,67593,60459,128052,20842,10305,8004,1068,5257,339,7177,750,3271,1366,44551,13828,58379,111.799732,More males
317,58,63.20128695,4026,3668,214,0,4217,81.25,3270,77.54,866,20.54,2,0.05,79,1.87,5664,3301,6271,3050,1606,19892,12572,488,16,6181,635,12416,87,142,65,44,7138,3471,3863,10525,9367,19892,2939,805,1333,104,695,25,1561,70,430,146,6958,1150,8108,112.3625494,More males
318,68.4,55.64070576,5407,3307,2077,0,5365,58.93,5363,99.96,2,0.04,0,0,0,0,9564,4071,7350,4478,2592,28055,15610,50,1,12393,1,17446,13,1,3,8219,2373,5373,5425,13241,14814,28055,5359,2692,1341,21,250,3,514,38,175,44,7639,2798,10437,89.38166599,More females
319,65.7,78.03108011,6800,5565,1235,0,7555,76.44,7337,97.12,155,2.05,0,0,63,0.83,11982,6728,11034,6021,3231,38996,30429,290,16,6582,1679,32330,89,18,30,57,6472,6727,7165,20160,18836,38996,9407,4123,1249,132,446,11,1421,46,218,115,12741,4427,17168,107.0290932,More males
320,64.7,70.75480633,8193,4091,4094,8,8248,70.5,7014,85.03,1214,14.72,1,0.01,19,0.23,12704,6897,12110,6525,4000,42236,29884,308,32,11998,14,34857,96,86,47,1644,5506,7921,8184,21922,20314,42236,8771,3966,1936,150,680,17,1183,93,1564,516,14134,4742,18876,107.9157231,More males
321,70.5,99.84646029,10901,10060,836,5,10166,74.95,10155,99.89,8,0.08,0,0,3,0.03,17799,6622,13773,6991,3011,48196,48122,42,1,26,5,47958,44,11,1,6,176,7938,7924,22659,25537,48196,10592,7964,1390,94,300,7,262,47,48,66,12592,8178,20770,88.73007793,More females
322,71.4,71.16133592,13127,6896,6230,1,12690,72.77,2293,18.07,10388,81.85973207,7,0.05,2,0.02,21369,11663,17454,9924,6091,66501,47323,351,20,18777,30,47451,70,42,40,13485,5413,10107,10864,33994,32507,66501,15895,7693,2217,233,929,25,1125,81,595,196,20761,8228,28989,104.5743994,More males
323,63.1,59.92734842,16027,10065,5926,37,20040,78,10044,50.11,9927,49.53,0,0,0,0,33277,16290,29986,13684,4765,98002,58730,26696,256,11030,1290,92684,2440,109,1511,55,1203,14432,15935,50671,47331,98002,22329,11168,3480,636,1272,205,2781,574,1014,565,30876,13148,44024,107.0566859,More males
324,66.7,43.69991605,8154,3347,4802,5,8008,70.09,3651,45.59,4356,54.4,0,0,1,0.01,13533,6142,11097,5994,2543,39309,17178,7999,5,13962,165,39104,71,4,45,3,82,6493,6958,19169,20140,39309,9716,5876,640,67,316,45,364,129,216,149,11252,6266,17518,95.17874876,More females
325,73.1,84.88333484,6484,2329,3894,211,6579,83.45,3212,48.82,3347,50.88,20,0.3,0,0,11919,5350,9360,4902,1598,33129,28121,1641,302,3039,26,32726,61,8,317,5,12,5485,5565,16485,16644,33129,8519,4303,483,65,302,52,111,41,62,82,9477,4543,14020,99.04470079,More females
326,65.3,69.22512449,10604,6222,4362,20,12021,86.46,9014,74.99,2996,24.92,2,0.02,9,0.07,20534,9807,16729,7760,2405,57235,39621,8682,980,7335,617,52310,1920,108,2758,3,136,9912,10082,28820,28415,57235,14472,6827,1164,163,598,79,276,95,316,69,16826,7233,24059,101.4253035,More males
327,77.1,67.10262855,9128,4759,4367,2,9607,75.65,4924,51.25,4667,48.58,13,0.14,3,0.03,17390,7035,13853,6353,2315,46946,31502,347,3,15087,7,46898,24,8,9,1,6,6998,7045,23735,23211,46946,12885,6820,387,34,217,33,171,40,166,59,13826,6986,20812,102.2575503,More males
328,64.8,79.23690528,8029,3559,4386,84,8140,80.63,3362,41.3,4774,58.65,4,0.05,0,0,13830,6155,11532,5400,1820,38737,30694,1861,5,6110,67,38220,414,7,74,0,22,5945,6171,19533,19204,38737,9998,5122,957,76,391,47,229,65,151,110,11726,5420,17146,101.7131848,More males
329,74.2,75.70414965,6244,3552,2686,6,6305,68.57,4447,70.53,1858,29.47,0,0,0,0,12130,5195,8977,4219,2036,32557,24647,1579,5,6298,28,32438,59,4,46,2,8,4869,5160,16205,16352,32557,8017,4558,641,132,213,20,173,45,57,43,9101,4798,13899,99.1010274,More females
330,76.7,94.35638257,5763,2883,2790,90,7248,92.44,7170,98.92,78,1.08,0,0,0,0,9397,4438,6974,3471,1838,26118,24644,1419,6,48,1,26034,55,4,21,3,1,3614,3807,12887,13231,261181,6549,4295,549,22,195,30,94,26,22,13,7409,4386,11795,97.40004535,More females
331,84.9,23.41644989,9521,4807,4697,17,9489,73.18,2833,29.86,6654,70.12,2,0.02,0,0,17308,7354,14233,6525,1863,47283,11072,895,0,35313,3,47264,8,3,2,0,6,8237,8183,23904,23379,47283,13546,6252,282,33,147,8,212,35,44,20,14231,6348,20579,102.245605,More males
332,63.3,35.55605081,15343,7125,8144,64,14202,82.79,6380,44.92,7814,55.02,8,0.06,0,0,23842,11655,19002,9846,2960,67305,23931,34104,246,8250,774,64958,1413,105,648,0,181,4299,4673,9600,10688,20288,15842,7295,1551,252,1790,145,373,138,330,305,19886,8135,28021,89.82035928,More females
333,67,15.99983277,6923,2460,4461,2,5133,81.76,2561,49.89,2559,49.86,1,0.02,12,0.23,8714,3834,7090,3151,1130,23919,3827,6626,173,13171,122,23706,113,9,55,1,35,4125,4467,12074,11845,23919,5146,2130,893,118,524,52,218,60,291,156,7072,2516,9588,101.9333052,More males
334,62.6,88.2350728,5760,3233,2517,10,6133,87.69,1166,19.01,4966,80.97,1,0.02,0,0,8335,4227,7939,4366,1712,26579,23452,3073,5,7,42,26551,4,4,18,0,2,4012,4063,12868,13711,26579,7323,5131,383,29,109,21,127,39,26,9,7968,5229,13197,93.85165196,More females
335,80.9,80.09004301,5012,3757,1255,0,5198,82.08,4376,84.19,814,15.66,8,0.15,0,0,8974,4024,7075,3201,1603,24877,19924,1342,0,3607,4,24863,8,0,3,1,2,3516,3316,12766,12111,24877,7111,3496,200,16,133,5,98,23,86,25,7628,3565,11193,105.4083065,More males
336,78.8,38.15706881,5799,3520,2279,0,11653,79.28,6190,53.12,5348,45.89,0,0,115,0.99,20003,8754,16178,8531,2293,55759,21276,2186,1,32265,31,55572,55,21,14,2,95,9202,9363,29839,28019,57858,15805,6739,554,49,505,39,177,42,51,54,17092,6923,24015,106.4955923,More males
337,69,32.27368999,14637,6958,7578,101,11448,86.98,4985,43.54,6413,56.02,50,0.44,0,0,18229,8714,14364,7618,2067,50992,16457,19685,255,14521,74,50578,56,27,296,4,31,8923,8930,25817,25175,50992,13614,5965,730,75,463,61,206,80,117,128,15130,6309,21439,102.550149,More males
338,79.6,49.83714698,9881,4374,5507,0,10626,78.95,5661,53.27,4962,46.7,1,0.01,2,0.02,16972,7294,14736,7080,2428,48510,24176,10080,9,14205,40,48288,92,21,85,6,18,7716,7841,25521,22989,48510,13579,5402,1215,185,433,31,202,64,142,137,15571,5819,21390,111.0139632,More males
339,81.6,66.54687835,7894,4207,3669,18,7868,75.22,4371,55.55,3495,44.42,0,0,2,0.03,13692,5390,11245,5165,1796,37288,24814,1543,13,10901,17,37187,51,11,31,2,6,4255,4237,9756,11018,20774,11039,4198,420,34,222,17,159,34,52,45,11892,4328,16220,88.54601561,More females
340,81.6,62.95344397,4892,1907,2958,27,6454,83.03,5237,81.14,1216,18.84,0,0,1,0.02,9887,3918,8566,3656,1209,27236,17146,5193,1,4872,24,27152,44,6,32,0,2,3731,3951,14607,12629,27236,8313,3334,359,38,161,9,102,22,28,29,8963,3432,12395,115.6623644,More males
341,79.7,43.94202611,3740,1219,2520,1,4564,86.23,2210,48.42,2354,51.58,0,0,0,0,7492,3016,6061,2756,822,20147,8853,2497,0,8783,14,20126,12,2,5,0,2,3418,3528,10381,9766,20147,5488,2036,220,13,211,8,62,16,101,49,6082,2122,8204,106.2973582,More males
342,79.3,81.40593766,5251,2350,2888,13,6151,80.62,4947,80.43,1204,19.574053,0,0,0,0,9536,4249,7935,3980,1314,27014,21991,2434,0,2585,4,26976,30,0,7,1,0,4363,4406,14259,12755,27014,7847,3247,469,65,175,7,106,29,61,34,8658,3382,12040,111.7914543,More males
343,73.1,58.56685563,11592,5111,6088,393,11808,82.74,6135,51.96,5518,46.73,5,0.04,150,1.27,20381,8943,16481,7640,2474,55919,32750,6006,50,16113,1000,54281,1462,23,121,12,20,9235,9724,28448,27471,55919,13963,6266,1233,244,706,96,299,92,374,141,16575,6839,23414,103.5564777,More males
344,69.1,61.21313999,11305,7566,3734,5,11758,72.88,6036,51.33,5718,48.63,2,0.02,2,0.02,23604,10376,18112,8540,3021,63653,38964,13311,917,4699,5762,45255,15777,332,1689,2,598,10837,11025,32568,31085,63653,17681,7538,726,56,323,58,201,68,99,63,19030,7783,26813,104.7707898,More males
345,78.5,60.46775125,10117,5931,4177,9,9997,84.91,5323,53.25,4673,46.74,1,0.01,0,0,17517,7326,13707,6152,2075,46777,28285,6727,1,11652,112,46688,43,0,16,4,26,7445,7619,23843,22934,46777,12996,5595,427,42,230,24,173,40,59,53,13885,5754,19639,103.9635476,More males
346,80,67.64866599,5181,3492,1686,3,8561,78.96,5174,60.44,1852,21.63,4,0.05,1531,17.88,15101,7012,12419,5636,1923,42091,28474,6861,144,6412,200,41231,501,60,241,1,57,6117,6467,21870,20221,42091,11641,4935,1101,121,258,25,87,23,52,53,13139,5157,18296,108.1548885,More males
347,64.3,71.42647221,5937,3597,2337,3,5696,79.63,4811,84.46,829,14.56,8,0.14,48,0.84,8744,4340,7385,4332,2420,27221,19443,375,0,7403,0,26808,5,1,4,373,30,4917,5302,13775,13446,27221,7080,3702,275,22,154,9,636,41,105,56,8250,3830,12080,102.4468243,More males
348,65.4,42.89011723,7473,5353,2112,8,6454,61.14,4252,65.88,2170,33.62,17,0.27,15,0.23,8795,5238,9060,5794,4039,32926,14122,5004,1,13796,3,20264,53,4,5,12504,96,8032,7664,15631,17295,32926,8066,5344,599,67,603,35,505,69,227,220,10000,5735,15735,90.37872217,More females
349,69.1,59.74583105,6656,3956,2699,1,6474,79.11,4377,67.61,771,11.91,2,0.03,1324,20.45,10049,5811,7929,4874,2340,31003,18523,162,1,12314,3,30900,41,5,2,15,40,5228,5580,15845,15158,31003,7707,4020,355,45,180,10,531,51,342,115,9115,4241,13356,104.5322602,More males
350,72.3,61.08730665,7230,4653,2573,4,6382,79.78,3868,60.61,2495,39.09,1,0.02,18,0.28,11825,5761,7906,4790,2625,32907,20102,40,0,12765,0,32862,14,1,1,0,29,5530,6095,16414,16493,32907,8290,4097,305,23,215,16,266,26,142,127,9218,4289,13507,99.52100891,More females
351,63.8,80.33657688,4097,1589,2476,32,4214,83.36,4198,99.62,5,0.12,11,0.26,0,0,6639,3275,6609,2955,1795,21273,17090,436,9,3702,36,21174,38,22,32,4,3,2972,3082,10964,10309,21273,5358,3684,142,27,141,22,820,30,575,36,7036,3799,10835,106.3536715,More males
352,47.9,96.11943555,6027,3243,2779,2,4717,69.26,3037,64.38,1403,29.74,6,0.12,271,5.74,7394,4272,8276,4418,3136,27496,26429,810,3,221,33,27197,132,6,14,109,38,5561,5931,13507,13989,27496,5720,3548,662,170,409,61,1192,197,696,389,8679,4365,13044,96.55443563,More females
353,53.1,99.20488269,3768,1625,2143,0,3799,77.86,3488,91.81,300,7.9,8,0.21,3,0.08,5406,2719,4725,3068,1941,17859,17717,50,0,90,2,17814,31,1,1,11,1,6042,6615,23727,21651,45378,4235,2941,117,26,63,10,287,45,158,80,4860,3102,7962,109.5884717,More males
354,78.6,57.81920824,8301,7776,523,2,9628,87.15,9162,95.16,5,0.05,1,0.01,460,4.78,13941,7171,11634,5854,3559,42159,24376,114,3,17416,250,41739,32,17,15,47,309,4293,4589,12980,12660,25640,10182,5665,1052,112,504,29,448,56,416,263,12602,6125,18727,102.5276461,More males
355,84.2,14.85080876,10735,9734,996,5,10915,84.14,10887,99.74,19,0.18,2,0.02,7,0.06,12821,7401,13084,7982,4090,45378,6739,5817,1,32810,11,7013,27,62,24,36399,1853,6165,6722,21176,20983,42159,11226,6362,1118,187,787,9,1176,40,703,324,15010,6922,21932,100.9197922,More males
356,92.5,16.53171129,4547,4511,36,0,5733,80.56,5733,100,0,0,0,0,0,0,8003,4966,7308,3761,1773,25811,4267,25,0,21517,2,4284,21,0,0,21347,159,3526,3552,13325,12486,25811,7797,4782,45,6,37,1,125,9,1,2,8005,4800,12805,106.7195259,More males
357,26.5,4.665245712,12165,2120,9897,148,10537,72.36,2680,25.43,7817,74.19,38,0.36,2,0.02,10607,7062,16180,9631,6721,50201,2342,47132,105,342,280,48478,551,74,441,51,606,8806,10198,23490,26711,50201,9506,7551,2083,770,1923,448,1677,724,1367,1334,16556,10827,27383,87.94129759,More females
358,79.8,41.35180735,8342,4393,3942,7,8944,82.01,5019,56.11,3639,40.69,276,3.09,10,0.11,13552,5427,12195,6024,1920,39118,16176,262,1,22672,7,38990,28,4,34,0,62,6265,6840,19974,19144,39118,10369,4956,757,140,358,23,409,42,171,139,12064,5300,17364,104.3355621,More males
359,67.5,61.87069248,3251,2112,1113,26,3459,86.6,2808,81.18,647,18.7,2,0.06,2,0.06,5279,2141,4455,2243,1117,15235,9426,83,0,5724,2,15219,11,2,3,0,0,2250,2390,7575,7660,15235,4028,2397,137,39,148,8,209,18,25,15,4547,2477,7024,98.89033943,More females
360,87.2,37.03989505,6389,5958,431,0,6012,82.95,5988,99.6,22,0.36,1,0.02,1,0.02,8069,4690,7578,3838,1743,25918,9600,1481,1,14836,0,12131,9,0,2,12872,904,3430,3458,13328,12590,25918,7804,4648,88,12,62,2,128,21,29,19,8111,4702,12813,105.8617951,More males
361,52.8,98.57197018,3502,1876,1626,0,3357,75.73,2346,69.88,924,27.53,0,0,87,2.59,4840,2478,4440,2508,1560,15826,15600,121,0,103,2,15805,15,2,2,0,2,3087,3480,7933,7893,15826,3925,2272,406,32,86,6,240,29,148,63,4805,2402,7207,100.5067782,Balance
362,69,56.01208263,7287,6903,274,110,6267,77.91,6239,99.55,6,0.1,6,0.1,16,0.25,9374,5229,9233,4552,2400,30788,17245,754,18,12623,148,21921,200,82,80,5788,2717,4388,4839,15977,14811,30788,6170,3507,1454,130,813,27,1200,96,464,165,10101,3925,14026,107.8725272,More males
363,26.8,63.38967401,7550,3689,3702,159,7444,74.65,5972,80.23,1455,19.55,13,0.17,4,0.05,8233,5484,14440,6496,4336,38989,24715,13702,53,421,98,37846,664,71,205,47,156,6704,7761,20762,18227,38989,5491,4184,2381,414,1222,193,5182,276,1182,804,15458,5871,21329,113.9079388,More males
364,63.8,58.00400534,2419,1673,1721,25,3305,86.72,2370,71.71,933,28.23,0,0,2,0.06,4288,2258,4498,2271,1665,14980,8689,4268,0,2015,8,14971,7,0,0,0,2,2556,2272,7001,7979,14980,4137,3425,102,19,137,17,92,13,18,24,4486,3498,7984,87.74282492,More females
365,76,53.55418114,5498,3744,1754,0,4858,82.37,4600,94.69,98,2.02,2,0.04,158,3.25,8578,3894,6157,3026,1951,23606,12642,36,1,10927,0,23482,14,1,2,0,107,3888,4150,11894,11712,23606,5799,2920,365,70,171,14,199,36,115,126,6649,3166,9815,101.5539617,More males
366,70.5,71.2596401,5146,1987,2846,313,5543,84.18,3846,69.38,1247,22.5,14,0.25,436,7.87,8097,3794,7804,3653,1937,25285,18018,1348,0,5917,2,25251,28,3,3,0,0,3633,3564,12384,12901,25285,6915,4661,228,39,144,6,354,36,53,52,7694,4794,12488,95.99255872,More females
367,52.1,98.28745026,7631,3783,3843,5,7123,68.82,3674,51.58,3423,48.05,23,0.33,3,0.04,11337,5833,10447,5748,3831,37196,36559,366,1,264,6,37069,52,5,15,33,22,7024,7223,17991,19205,37196,9216,5871,466,86,271,45,496,68,399,248,10848,6318,17166,93.6787295,More females
368,63,87.61430438,2920,2292,628,0,2705,85.28,2611,96.52,36,1.33,14,0.52,44,1.63,4526,1969,3311,1626,816,12248,10731,29,0,1488,0,12238,6,0,0,0,4,1780,1795,6175,6073,12248,2916,1636,213,40,89,4,92,19,102,37,3412,1736,5148,101.6795653,More males
369,79.2,29.11967419,9356,7868,1487,1,10032,78.88,9916,98.84,96,0.96,1,0.01,19,0.19,13509,7046,12876,7464,3793,44688,13013,2348,0,29320,7,13984,107,58,3,27259,3277,6401,7112,22975,21713,44688,10696,5770,1089,159,520,17,699,77,1051,406,14055,6429,20484,105.8121862,More males
370,68.3,71.38811905,6722,3223,3494,5,5991,74.83,5034,84.03,943,15.74,11,0.18,3,0.05,11778,5919,8238,4760,2501,33196,23698,298,1,9187,12,33140,32,13,6,1,4,5205,5608,16963,16233,33196,7656,3721,584,113,290,21,639,71,420,197,9589,4123,13712,104.4970123,More males
371,56.9,78.02069737,8517,3185,5303,29,7318,66.87,3682,50.31,2970,40.59,12,0.16,654,8.94,12719,7176,11757,7029,4223,42904,33474,5094,3,4324,9,37742,72,4,15,5005,66,7853,8516,21418,21486,42904,8999,5208,1433,116,695,76,1262,139,789,456,13178,5995,19173,99.68351485,Balance
372,93,10.82589594,9268,9207,61,0,8776,88.66,8286,94.42,490,5.58,0,0,0,0,11212,6076,10069,5938,2896,36191,3918,674,1,31597,1,6977,10,6,3,27768,1427,5168,5069,18541,17650,36191,10853,6255,182,6,97,1,192,9,24,28,11348,6299,17647,105.0481586,More males
373,81.4,62.27753578,3064,1838,1225,1,3375,84.42,1908,56.53,844,25.01,3,0.09,620,18.37,5866,2623,4357,2150,1074,16070,10008,49,1,6011,1,16037,5,1,7,0,20,2668,2766,7937,8133,16070,4097,2169,151,17,77,3,96,12,53,24,4474,2225,6699,97.59006517,More females
374,53.5,99.10749967,5361,1866,3497,1,4887,75.57,3174,64.95,1407,28.79,262,5.36,44,0.9,7488,3203,6188,3391,2251,22521,22320,48,0,150,3,22508,5,5,2,0,1,3685,4251,11196,11325,22521,6264,3368,211,29,53,7,149,24,44,23,6721,3451,10172,98.86092715,More females
375,82.8,42.38654036,5188,2526,2684,28,6112,88.34,6095,99.72,16,0.26,1,0.02,0,0,9361,5687,7077,3806,2361,28292,11992,7,0,16265,28,28262,5,0,0,5,20,3874,4172,14375,13917,28292,7800,4221,290,20,174,6,154,19,58,62,8476,4328,12804,103.2909391,More males
376,89.2,16.32935791,3522,3435,87,0,3735,92.29,3734,99.97,1,0.03,0,0,0,0,5838,3191,4042,2189,1342,16602,2711,5,0,13880,6,16184,2,0,0,410,6,2445,2595,8537,8065,16602,4713,2399,32,4,30,2,97,5,7,3,4879,2413,7292,105.8524489,More males
377,70.6,99.03085584,6757,5201,1451,105,6891,88.22,6886,99.93,2,0.03,0,0,3,0.04,8353,3865,8499,5052,2297,28066,27794,231,0,38,3,27980,41,14,12,0,19,4875,4972,13826,14240,28066,7994,4844,496,29,159,7,156,31,52,21,8857,4932,13789,97.09269663,More females
378,54.3,72.1936935,4246,3258,967,21,4803,82.24,4020,83.7,725,15.09,57,1.19,1,0.02,6944,3419,7243,3700,2257,23563,17011,996,4,5539,13,23433,66,4,45,14,1,4017,4034,11264,12299,23563,4964,4051,652,99,568,66,877,66,123,142,7184,4424,11608,91.58468168,More females
